Flags,X.d.Y_10...2,d..S.Y._10,d.Slo_.5.2.,d.Slo_.max.10.,d.Cur.DL.,d.Cur.VDM.,d.VolSkew,d.Leading,d.Lagging,Coincident,Lagging,d.AC,d.CR,d.DA,d.DE,d.IC,d.RVol
1,1.452025,-0.769,0.01,0.79,0.135,-0.73,-0.725702388,1.421682763,-1.844314572,4.34160297,-1.844314572,0,0.54,-0.03,-0.09,1,-2.181049094
1,0.119025,-0.485,0.155584416,-0.25,-0.211168831,0.095714286,-0.601394104,0.717528436,-1.118568189,1.990636712,0.10095912,-0.03,-0.31,0.03,0.13,-14.74,0.478556651
1,2.325625,-8.88E-16,0.48040695,-0.455,-0.246818182,0.222598287,1.290457048,1.528827838,5.01441696,2.144033124,4.605418435,-0.03,-0.31,0.03,0.13,-14.74,2.912077783
1,0.075625,0.315,-0.138095238,0.205,-0.065,-0.352142857,-2.582479947,9.972630019,2.212980063,0.790517951,-0.513084758,0.03,-0.45,-0.08,-0.4,13.76,-22.15076087
1,0.429025,-0.212,0.043571429,0.095,-0.805,-0.222142857,-1.92507489,-1.699600592,-0.859573484,2.232018909,-2.384768276,0.03,-0.45,-0.08,-0.4,13.76,-27.36670059
1,0.0081,0.085,0.465178019,0.15,0.259574315,-0.192027859,2.442790612,0.182495965,20.40378922,6.891225558,-1.910565908,0.24,-4.48,0.03,0.34,0.02,-10.95058022
1,2.50E-05,-0.267,-0.073506494,0.675,-0.917272727,-1.080714286,-0.230285012,-16.93966536,9.004525209,4.615337952,-0.101471343,0.24,-4.48,0.03,0.34,0.02,0.464551231
1,1.1881,-0.535,-0.411428571,0.815,0.505,-0.432142857,0.17935678,-1.336642596,0.702005928,5.244647537,1.210912879,0.15,-0.15,0.03,0.64,0.01,-0.684294609
1,2.9584,-0.54,-0.545714286,1,0.55,-0.548571429,-0.489288486,-6.209371016,-1.125331569,5.648811126,0,0.15,-0.15,0.03,0.64,0.01,-2.796624339
1,1.2996,-0.683,-0.198961039,0.905,0.688636364,-0.510714286,-0.55164517,-3.604472933,-0.509528521,5.978300716,-0.610999864,0.15,-0.15,0.03,0.64,0.01,-2.595192494
1,2.387025,-0.67,-0.302857143,0.775,0.805,-0.289285714,-0.963465784,0.176880277,-0.001665986,4.647087438,-0.408998525,-0.32,0.32,0.02,0.63,-0.22,-3.187638771
1,1.452025,-0.769,0.01,0.79,0.135,-0.73,-0.725702388,1.421682763,-1.844314572,4.34160297,-1.844314572,-0.32,0.32,0.02,0.63,-0.22,-2.92619832
1,2.7556,-0.615,-0.17952381,0.51,0.345,-0.284285714,-0.927821307,2.541695548,-3.671521257,2.953801244,-1.424235672,-0.32,0.32,0.02,0.63,-0.22,-1.904879441
1,0.119025,-0.485,0.155584416,-0.25,-0.211168831,0.095714286,-0.601394104,0.717528436,-1.118568189,1.990636712,0.10095912,-0.32,0.32,0.02,0.63,-0.22,15.72121546
1,2.0736,-0.29,0.515844156,-0.3,-0.159545455,0.042857143,-1.062104759,2.366048666,-1.210912879,2.370023347,0,-0.32,0.32,0.02,0.63,-0.22,17.00032111
1,0.4489,0.42275,-0.010550402,0.625,0.224343434,-0.515702948,0.572220396,37.66543497,-15.1196215,2.981735505,-16.15500607,-0.11,0.11,-0.01,-0.1,-0.82,-27.48859886
1,0.6084,0.345,-0.187536001,0.47,0.223578644,-0.298597344,1.321617697,34.18767418,-12.26459916,4.048171792,-15.03533918,-0.11,0.11,-0.01,-0.1,-0.82,-29.36447628
1,0.680625,0.535,0.105061401,0.375,0.497669553,-0.177883058,0.89914831,30.95305332,-5.895251659,5.342516667,-12.64332148,-0.11,0.11,-0.01,-0.1,-0.82,-30.53393572
1,0.8281,0.105,0.333752098,0.41,0.634617605,-0.22915128,2.034770128,18.41186309,12.2081934,6.400288199,-5.053080865,-0.06,0.01,-0.03,-0.13,-0.23,-18.56188652
1,0.1681,-0.17,0.43464617,0.015,0.950887446,0.279071914,2.536816069,9.346241446,16.95041224,6.590619858,-3.197075488,-0.06,0.01,-0.03,-0.13,-0.23,-16.18115184
1,0.648025,0.055,-0.532857143,0.605,0.08,-0.379285714,0.034753262,-9.639118268,4.245463041,4.830796533,1.019376819,0.02,0.13,0.02,0.09,1.39,-3.315053711
1,0.286225,0.005,-0.266103896,0.715,-0.181363636,-0.706428571,2.027127566,-5.695353079,4.883152766,4.242071588,2.341073837,0.02,0.13,0.02,0.09,1.39,-1.133074069
1,1.2996,-0.683,-0.198961039,0.905,0.688636364,-0.510714286,-0.55164517,-3.604472933,-0.509528521,5.978300716,-0.610999864,0.02,0.13,0.02,0.09,1.39,-0.95224558
1,0.7921,-0.005,0.603165363,-0.41,-0.427272727,0.3816232,0.010604513,3.521005752,4.024986036,2.658643299,3.413986172,0.06,-0.03,0.04,0.27,0.7,1.415915209
1,1.755625,-0.108,0.439363035,-0.49,-0.159545455,0.227672246,-0.257482433,1.913527391,5.662704,2.756682983,4.839654086,0.06,-0.03,0.04,0.27,0.7,1.507265693
1,0.0016,0.26,-0.194761905,0.3,1.07,-0.377142857,0.387984921,9.595740135,4.360055317,0.589972213,1.124181487,-0.09,0.06,-0.03,-0.12,0.17,-13.16874821
1,0.0784,0.3017,-0.047619048,0.275,0.365,-0.556428571,-2.952225324,4.351888006,4.184666057,1.071612788,-0.419727794,-0.09,0.06,-0.03,-0.12,0.17,-19.54604259
1,0.2601,-0.24,0.022380952,-0.105,-0.01,0.183571429,-1.029525644,-3.577856261,-2.62196823,1.174181788,-3.135052988,0.01,-0.04,-0.03,-0.11,-0.18,2.20068839
1,0.6084,0.345,-0.187536001,0.47,0.223578644,-0.298597344,1.321617697,34.18767418,-12.26459916,4.048171792,-15.03533918,-1.28,-0.1,0,-2.13,-0.13,-23.93359139
1,0.8281,0.105,0.333752098,0.41,0.634617605,-0.22915128,2.034770128,18.41186309,12.2081934,6.400288199,-5.053080865,-1.28,-0.1,0,-2.13,-0.13,-15.22213804
1,0.1681,-0.17,0.43464617,0.015,0.950887446,0.279071914,2.536816069,9.346241446,16.95041224,6.590619858,-3.197075488,-1.28,-0.1,0,-2.13,-0.13,-12.78633313
1,0.0324,-0.01,0.468689814,0.05,0.005266955,-0.212941367,0.756958884,-4.6798782,16.84098332,6.386383316,-3.226086222,-0.64,0.03,-0.01,-1.45,-0.12,-2.642871596
1,0.164025,-0.205,0.391175015,0.255,0.524191919,-0.14638322,-0.563243486,-13.93617907,14.07060816,6.424226873,-2.542078929,-0.64,0.03,-0.01,-1.45,-0.12,-2.518504644
1,1.2996,-0.683,-0.198961039,0.905,0.688636364,-0.510714286,-0.55164517,-3.604472933,-0.509528521,5.978300716,-0.610999864,0.17,0.06,0,-0.07,-0.01,-2.613044589
1,0.119025,-0.485,0.155584416,-0.25,-0.211168831,0.095714286,-0.601394104,0.717528436,-1.118568189,1.990636712,0.10095912,-0.34,-0.03,0,-0.55,-0.08,-3.161401546
1,1.755625,-0.108,0.439363035,-0.49,-0.159545455,0.227672246,-0.257482433,1.913527391,5.662704,2.756682983,4.839654086,-0.34,-0.03,0,-0.55,-0.08,4.998802851
1,2.325625,-8.88E-16,0.48040695,-0.455,-0.246818182,0.222598287,1.290457048,1.528827838,5.01441696,2.144033124,4.605418435,-0.34,-0.03,0,-0.55,-0.08,3.663170077
1,5.040025,0.259,-0.543476238,-1.055,1.216818182,0.436946283,0.284446686,-0.570613796,7.082168349,3.562717764,5.237853777,-0.34,-0.03,0,-0.55,-0.08,4.093133268
1,0.3249,0.35,-0.017308291,-0.475,0.275,0.689153367,-1.948862717,-2.718288252,-2.812174219,0.202839826,-0.598804184,-3.55,0.32,-0.08,-0.59,-0.06,-4.501957198
1,0.697225,0.179,0.437335539,-0.05,-0.265,0.691868431,0.353771442,0.085439891,-5.296744239,-0.199401861,-0.588814263,-3.55,0.32,-0.08,-0.59,-0.06,-5.092850078
1,0.001225,0.06,-0.0389529,-0.295,0.51,0.68783768,0.015230639,-0.323588535,-2.012535564,1.201215645,0.198609797,0.46,-0.18,0,-0.4,0.02,-1.263235675
1,0.015625,-0.006,0.01739782,-0.19,0.15,0.519918256,2.919023362,1.233157916,-0.605220381,2.204498092,0.398804118,0.46,-0.18,0,-0.4,0.02,-0.171593097
1,0.030625,0.02,-0.040537174,-0.28,0.47,0.555570261,2.14660762,4.460549513,-0.003578561,0.804024432,0.596423239,0.46,-0.18,0,-0.4,0.02,3.664771303
1,0.3844,0.2,-0.053812768,-0.28,0.51,0.280949786,1.90196409,2.018001746,1.295483987,0.808085205,1.295483987,0.46,-0.18,0,-0.4,0.02,4.352625374
1,0.3844,0.257,0.005,0.14,-0.56,-0.23,-0.764956337,9.921170377,0.966214589,1.482973297,-1.525194792,-0.03,0.06,0.06,1.47,0.01,-3.405977771
1,0.009025,0.175,0.231666667,0.465,-0.2,-0.79,-1.475300174,4.61084913,5.101447042,0.09789526,0.828162083,-0.49,-0.06,-0.01,-1.04,0.02,-13.53537842
1,0.429025,-0.212,0.043571429,0.095,-0.805,-0.222142857,-1.92507489,-1.699600592,-0.859573484,2.232018909,-2.384768276,-0.49,-0.06,-0.01,-1.04,0.02,-0.275895271
1,0.5041,0.35,1.819791501,0.3,-0.083405483,-0.981528993,-1.93386134,-1.857095973,-24.17052279,-12.89138686,-13.62528047,-0.2,0.18,0.13,1.25,1.44,-12.16603983
1,1.2321,0.358928571,1.345293754,0.405,-0.92020202,-1.312845805,-0.177927072,12.01744624,-32.72276903,-9.508896534,-20.14748773,-0.2,0.18,0.13,1.25,1.44,-10.00527727
1,0.030625,0.515,0.281684778,0.57,-0.159148629,-0.744311629,0.61087509,37.72048233,-17.80625347,2.498642778,-16.68988293,-0.02,-0.26,0.09,2.03,0.52,-7.513228833
1,1.288225,0.435,-0.058186236,0.505,0.381291486,-0.305032394,2.889610311,30.69169377,1.179741992,5.810763081,-9.105996552,-0.02,-0.26,0.09,2.03,0.52,-11.31183291
1,0.1681,-0.17,0.43464617,0.015,0.950887446,0.279071914,2.536816069,9.346241446,16.95041224,6.590619858,-3.197075488,-0.02,-0.26,0.09,2.03,0.52,-9.087168438
1,0.1444,-0.37,0.394509232,0.31,0.55031746,-0.19026563,-0.891629435,-18.29789613,15.3693965,6.262717747,-1.32048643,0.12,-0.33,-0.06,-1.5,-0.2,-4.752495783
1,0.093025,-0.085,0.129132432,0.67,-1.092503608,-1.229695497,-0.960741329,-15.7146191,13.76865305,5.291048314,1.125331569,0.12,-0.33,-0.06,-1.5,-0.2,-0.376887829
1,0.648025,0.055,-0.532857143,0.605,0.08,-0.379285714,0.034753262,-9.639118268,4.245463041,4.830796533,1.019376819,0.12,-0.33,-0.06,-1.5,-0.2,-5.569940429
1,2.387025,-0.67,-0.302857143,0.775,0.805,-0.289285714,-0.963465784,0.176880277,-0.001665986,4.647087438,-0.408998525,0.12,-0.21,0.02,0.31,-0.24,0.281077503
1,3.1684,0.395,0.143571429,0.115,0.11,-0.072142857,-1.162416667,-4.388108544,-1.902595118,0.199401861,-2.491409381,0.28,0.2,0,0,0.12,10.53001216
1,0.1521,0.54,-0.02,0.065,-1.075,-0.205,-0.184218813,-5.693433678,-4.12679491,1.588911283,-3.530371671,0.18,0,0,-0.08,0.21,4.055215922
1,0.3844,0.257,0.005,0.14,-0.56,-0.23,-0.764956337,9.921170377,0.966214589,1.482973297,-1.525194792,0.18,0,0,-0.08,0.21,-12.97294519
1,0.616225,0.335,-0.270714286,0.47,0.095,-0.528571429,-2.066267007,11.85619063,3.63665879,0.197238723,0.102722146,0.1,0.03,0,-0.06,0.04,-12.44734406
1,0.5041,0.35,1.819791501,0.3,-0.083405483,-0.981528993,-1.93386134,-1.857095973,-24.17052279,-12.89138686,-13.62528047,-0.19,0.04,0.04,-2.2,-0.24,-1.853804195
1,0.009025,0.096,0.648178284,0.47,0.018578644,-0.690025915,-1.408757592,27.94856914,-29.59808753,-4.225980929,-20.06706955,0.13,-0.05,-0.03,-2.43,-0.17,-23.78790116
1,0.018225,0.205,0.005635657,0.58,-0.417950938,-0.77867185,0.655429116,35.06551015,-17.89640176,1.072076975,-16.61268709,0.13,-0.05,-0.03,-2.43,-0.17,-24.81490823
1,0.8281,0.105,0.333752098,0.41,0.634617605,-0.22915128,2.034770128,18.41186309,12.2081934,6.400288199,-5.053080865,0.13,-0.05,-0.03,-2.43,-0.17,-13.35700264
1,0.1681,-0.17,0.43464617,0.015,0.950887446,0.279071914,2.536816069,9.346241446,16.95041224,6.590619858,-3.197075488,0.13,-0.05,-0.03,-2.43,-0.17,-10.8706529
1,0.0324,-0.01,0.468689814,0.05,0.005266955,-0.212941367,0.756958884,-4.6798782,16.84098332,6.386383316,-3.226086222,0.86,0.05,0,-0.47,-0.06,-1.886791098
1,0.164025,-0.205,0.391175015,0.255,0.524191919,-0.14638322,-0.563243486,-13.93617907,14.07060816,6.424226873,-2.542078929,0.86,0.05,0,-0.47,-0.06,-6.290432927
1,0.1444,-0.12,-0.427402597,0.8,-0.775909091,-1.014285714,0.314123075,-17.17673844,5.541855346,5.606849548,-1.120745302,0.86,0.05,0,-0.47,-0.06,-1.795732694
1,0.5329,-0.1,-0.514285714,0.665,-0.07,-0.516428571,0.396399626,-5.675276597,4.998350573,4.265271995,2.247285585,-0.06,-0.06,-0.02,-0.57,-0.04,-1.670951528
1,3.258025,0.478,-0.000966202,-1.03,0.357575758,0.662479564,-0.036677158,-1.334984259,4.450486124,3.355678353,3.328597763,-0.36,-0.06,-0.1,-1.94,0.01,3.37759517
1,0.0441,0.5,-0.119047619,0.065,-0.175,0.071428571,0.315745106,-0.920595067,-4.772537119,2.680061151,-4.273284959,1.29,-0.13,0.12,1.2,-0.18,13.67109997
1,0.1444,0.455,-0.15547619,-0.095,-0.22,0.299285714,-0.295482541,1.370255131,-2.502664422,2.680061151,-4.094737851,1.29,-0.13,0.12,1.2,-0.18,12.22894451
1,0.7225,0.295,-0.127857143,0.07,-2.05,0.085714286,-1.44345252,6.381858692,-1.557423363,2.479056058,-2.951868269,1.29,-0.13,0.12,1.2,-0.18,2.859542659
1,0.2601,0.1517,-0.006666667,0.625,-0.5225,-1.025,-2.025213935,6.841713396,5.490879578,-0.09789526,0.621763661,-0.05,-0.08,0,-0.15,0.33,-12.55621922
1,0.1024,0.1,0.039285714,0.42,-0.3,-0.718571429,-2.733480735,3.768940158,2.330104607,0.780491767,-0.621763661,-0.05,-0.08,0,-0.15,0.33,-8.931793544
1,2.9584,0.685,1.801295167,0.285,-1.320512266,-1.542168772,-0.946231018,3.233369874,-28.52262366,-11.43772698,-17.26127427,-0.05,0.22,0,-0.69,-0.25,-7.494622802
1,1.2321,0.358928571,1.345293754,0.405,-0.92020202,-1.312845805,-0.177927072,12.01744624,-32.72276903,-9.508896534,-20.14748773,-0.05,0.22,0,-0.69,-0.25,-13.59578696
1,0.009025,0.096,0.648178284,0.47,0.018578644,-0.690025915,-1.408757592,27.94856914,-29.59808753,-4.225980929,-20.06706955,-0.05,0.22,0,-0.69,-0.25,-22.60677952
1,0.030625,0.515,0.281684778,0.57,-0.159148629,-0.744311629,0.61087509,37.72048233,-17.80625347,2.498642778,-16.68988293,-0.05,0.22,0,-0.69,-0.25,-26.31586775
1,0.6241,0.15,0.306679035,0.305,0.504090909,-0.176020408,2.722639524,24.18976755,6.962679823,6.307861078,-6.662600648,-0.25,-0.08,-0.04,-1.57,0.39,-19.3298873
1,0.0081,0.085,0.465178019,0.15,0.259574315,-0.192027859,2.442790612,0.182495965,20.40378922,6.891225558,-1.910565908,-0.25,-0.08,-0.04,-1.57,0.39,-4.775932326
1,2.50E-05,-0.267,-0.073506494,0.675,-0.917272727,-1.080714286,-0.230285012,-16.93966536,9.004525209,4.615337952,-0.101471343,5.34,0.01,0.19,-0.47,0.25,1.116715434
1,0.6561,-0.035,-0.507272727,0.57,0.044545455,-0.37,0.909151773,-8.636024513,2.214671566,4.631478218,0.304105658,5.34,0.01,0.19,-0.47,0.25,-2.07264582
1,0.286225,0.005,-0.266103896,0.715,-0.181363636,-0.706428571,2.027127566,-5.695353079,4.883152766,4.242071588,2.341073837,5.34,0.01,0.19,-0.47,0.25,-0.71430341
1,1.1881,-0.535,-0.411428571,0.815,0.505,-0.432142857,0.17935678,-1.336642596,0.702005928,5.244647537,1.210912879,5.34,0.01,0.19,-0.47,0.25,-0.649722319
1,2.0736,-0.79,-0.11974026,0.97,0.055909091,-0.901428571,0.341802422,1.137443824,-1.628628333,4.940573821,-1.324522675,-4.55,-0.42,0,-0.04,-0.27,-3.576839151
1,2.0736,-0.29,0.515844156,-0.3,-0.159545455,0.042857143,-1.062104759,2.366048666,-1.210912879,2.370023347,0,-4.55,-0.42,0,-0.04,-0.27,-0.578951938
1,1.5376,0.265,0.195714286,-0.335,0.635,0.383571429,-0.243002868,-2.354643483,-0.402731255,1.01215439,-0.995033085,-1.72,-0.29,-0.04,-0.55,-0.13,4.081114904
1,0.2916,0.531,0.089285714,0.115,-1.185,-0.243571429,-3.538582331,-2.939745994,-3.634677949,0.49431638,-3.235873831,-1.72,-0.29,-0.04,-0.55,-0.13,18.28822018
1,0.0441,0.5,-0.119047619,0.065,-0.175,0.071428571,0.315745106,-0.920595067,-4.772537119,2.680061151,-4.273284959,0.19,-0.01,0.01,0.04,-0.13,14.84282372
1,0.140625,0.22,-0.213095238,0.075,0.15,-0.037142857,0.241208909,7.352628173,-0.247218915,1.782225391,-2.247285585,0.19,-0.01,0.01,0.04,-0.13,-1.725811493
1,0.3844,0.257,0.005,0.14,-0.56,-0.23,-0.764956337,9.921170377,0.966214589,1.482973297,-1.525194792,0.19,-0.01,0.01,0.04,-0.13,-5.933919455
1,0.075625,0.315,-0.138095238,0.205,-0.065,-0.352142857,-2.582479947,9.972630019,2.212980063,0.790517951,-0.513084758,0.19,-0.01,0.01,0.04,-0.13,-12.39043526
1,0.616225,0.335,-0.270714286,0.47,0.095,-0.528571429,-2.066267007,11.85619063,3.63665879,0.197238723,0.102722146,0.19,-0.01,0.01,0.04,-0.13,-12.85518805
1,0.0016,0.26,-0.194761905,0.3,1.07,-0.377142857,0.387984921,9.595740135,4.360055317,0.589972213,1.124181487,0.19,-0.01,0.01,0.04,-0.13,-14.86437551
1,0.2601,0.1517,-0.006666667,0.625,-0.5225,-1.025,-2.025213935,6.841713396,5.490879578,-0.09789526,0.621763661,0.19,-0.01,0.01,0.04,-0.13,-16.03923078
1,0.1024,0.1,0.039285714,0.42,-0.3,-0.718571429,-2.733480735,3.768940158,2.330104607,0.780491767,-0.621763661,0.11,-0.01,0,-0.31,0.08,-10.66875262
1,0.429025,-0.212,0.043571429,0.095,-0.805,-0.222142857,-1.92507489,-1.699600592,-0.859573484,2.232018909,-2.384768276,0.11,-0.01,0,-0.31,0.08,-3.356609319
1,0.2601,-0.24,0.022380952,-0.105,-0.01,0.183571429,-1.029525644,-3.577856261,-2.62196823,1.174181788,-3.135052988,0.11,-0.01,0,-0.31,0.08,0.8429277
1,0.042025,-0.015,-0.21025974,0.76,-0.770909091,-1.048571429,-0.910658295,-15.30644627,4.645748326,6.015176066,-0.407332539,0.15,0,-0.04,-0.43,-4.93,0.688106242
1,0.0784,0.22,-0.103333333,0.125,0.135,-0.235,-1.784107886,8.751549863,1.273949641,0.788958728,-1.432982555,0.07,-0.9,-0.49,-4.12,2.55,-19.39235727
1,9.00E-04,0.245,0.135238095,0.545,0.325,-0.682142857,0.387984921,9.228455472,2.602051441,0.393314175,-0.92832023,0.07,-0.9,-0.49,-4.12,2.55,-15.00670652
1,0.009025,0.175,0.231666667,0.465,-0.2,-0.79,-1.475300174,4.61084913,5.101447042,0.09789526,0.828162083,-0.1,0.51,-0.11,-0.21,0.99,-21.6708502
1,0.018225,0.205,0.005635657,0.58,-0.417950938,-0.77867185,0.655429116,35.06551015,-17.89640176,1.072076975,-16.61268709,-1.33,0.11,-0.13,-4.27,-0.13,-34.25390785
1,0.4489,0.42275,-0.010550402,0.625,0.224343434,-0.515702948,0.572220396,37.66543497,-15.1196215,2.981735505,-16.15500607,-0.29,0.01,0.01,-0.1,0.08,-31.85344155
1,0.6084,0.345,-0.187536001,0.47,0.223578644,-0.298597344,1.321617697,34.18767418,-12.26459916,4.048171792,-15.03533918,-0.29,0.01,0.01,-0.1,0.08,-31.80079031
1,0.680625,0.535,0.105061401,0.375,0.497669553,-0.177883058,0.89914831,30.95305332,-5.895251659,5.342516667,-12.64332148,-0.29,0.01,0.01,-0.1,0.08,-28.60671018
1,0.8281,0.105,0.333752098,0.41,0.634617605,-0.22915128,2.034770128,18.41186309,12.2081934,6.400288199,-5.053080865,-0.29,0.01,0.01,-0.1,0.08,-20.94785188
1,0.0081,0.085,0.465178019,0.15,0.259574315,-0.192027859,2.442790612,0.182495965,20.40378922,6.891225558,-1.910565908,-0.29,0.01,0.01,-0.1,0.08,-14.2032746
1,0.1444,-0.37,0.394509232,0.31,0.55031746,-0.19026563,-0.891629435,-18.29789613,15.3693965,6.262717747,-1.32048643,0.12,-0.06,0.06,-0.84,-0.05,-10.10154517
1,0.7921,0.32,-0.532987013,0.845,-0.460454545,-0.873571429,-0.775085734,-12.07079257,3.197075488,5.106547801,0,0.12,-0.06,0.06,-0.84,-0.05,-1.05870583
1,0.6561,-0.035,-0.507272727,0.57,0.044545455,-0.37,0.909151773,-8.636024513,2.214671566,4.631478218,0.304105658,0.12,-0.06,0.06,-0.84,-0.05,-0.889980559
1,0.5329,-0.1,-0.514285714,0.665,-0.07,-0.516428571,0.396399626,-5.675276597,4.998350573,4.265271995,2.247285585,0.12,-0.06,0.06,-0.84,-0.05,-1.029272914
1,0.286225,0.005,-0.266103896,0.715,-0.181363636,-0.706428571,2.027127566,-5.695353079,4.883152766,4.242071588,2.341073837,0.12,-0.06,0.06,-0.84,-0.05,2.068040012
1,1.2996,-0.683,-0.198961039,0.905,0.688636364,-0.510714286,-0.55164517,-3.604472933,-0.509528521,5.978300716,-0.610999864,0.18,-0.36,0.01,-0.05,-0.13,-1.418375646
1,1.334025,-0.5,0.499480519,-0.21,-0.256818182,-0.087142857,-1.012630862,2.824230299,-0.819164666,1.97614335,0.603623563,0.23,-0.21,0.01,-0.06,0.05,-3.329531088
1,2.0736,-0.29,0.515844156,-0.3,-0.159545455,0.042857143,-1.062104759,2.366048666,-1.210912879,2.370023347,0,0.23,-0.21,0.01,-0.06,0.05,-0.54168874
1,5.040025,0.259,-0.543476238,-1.055,1.216818182,0.436946283,0.284446686,-0.570613796,7.082168349,3.562717764,5.237853777,0.23,-0.21,0.01,-0.06,0.05,5.285000405
1,4.305625,0.376,-0.267270604,-1.16,0.847727273,0.715274426,0.128146936,-1.613862067,6.032452652,2.930982925,4.707929977,0.23,-0.21,0.01,-0.06,0.05,5.330974723
1,1.0609,0.325,0.011030822,-0.305,0.384415584,0.306448034,0.722692616,-0.587555214,3.222276321,3.692727259,2.211145361,0.23,-0.21,0.01,-0.06,0.05,1.599597545
1,0.0121,0.177,-0.175926431,-0.425,0.415,0.740258856,1.627047753,-1.921725339,-5.687573609,0.201816416,-1.082155174,-0.42,0.01,0.01,-0.22,0.01,-4.358245061
1,1.8225,0.406,0.147857143,0.095,-0.36,-0.140714286,2.973457295,-1.364772398,-3.004109236,0.795232819,-2.706932197,0.22,-0.04,-0.06,-1.29,-0.02,9.345262024
1,0.0784,0.3017,-0.047619048,0.275,0.365,-0.556428571,-2.952225324,4.351888006,4.184666057,1.071612788,-0.419727794,0.35,-0.05,0,-1.1,0.02,-17.05421075
1,0.1024,0.1,0.039285714,0.42,-0.3,-0.718571429,-2.733480735,3.768940158,2.330104607,0.780491767,-0.621763661,0.35,-0.05,0,-1.1,0.02,-11.51578429
1,0.81,-0.3433,0.01047619,0.03,-0.975,-0.034285714,-1.099048003,-2.862394565,-0.755744733,1.559485796,-2.188727289,0.35,-0.05,0,-1.1,0.02,-6.861901545
1,0.3844,0.2,-0.053812768,-0.28,0.51,0.280949786,1.90196409,2.018001746,1.295483987,0.808085205,1.295483987,-0.02,-0.61,0.03,0.05,3.4,0.564333762
1,1.030225,0.313,0.132857143,0.105,-0.405,-0.130714286,1.847677519,-1.680107144,-2.925466682,0.597016699,-2.726064821,-0.02,-0.61,0.03,0.05,3.4,5.456174688
1,0.1521,0.54,-0.02,0.065,-1.075,-0.205,-0.184218813,-5.693433678,-4.12679491,1.588911283,-3.530371671,0,-0.06,0.1,0.22,-2.35,5.00247415
1,4.00E-04,0.37,0.349606856,0.5,-0.296421356,-0.762883058,-2.254731524,35.28085645,-25.94056327,-0.827917207,-19.72844295,0.02,0.08,0.03,-0.22,-0.16,-21.77399912
1,0.0081,0.085,0.465178019,0.15,0.259574315,-0.192027859,2.442790612,0.182495965,20.40378922,6.891225558,-1.910565908,0.14,-0.13,-0.04,-0.33,2.13,-11.37731817
1,0.0324,-0.01,0.468689814,0.05,0.005266955,-0.212941367,0.756958884,-4.6798782,16.84098332,6.386383316,-3.226086222,0.14,-0.13,-0.04,-0.33,2.13,-7.30068246
1,0.164025,-0.205,0.391175015,0.255,0.524191919,-0.14638322,-0.563243486,-13.93617907,14.07060816,6.424226873,-2.542078929,0.14,-0.13,-0.04,-0.33,2.13,-8.256430422
1,0.093025,-0.085,0.129132432,0.67,-1.092503608,-1.229695497,-0.960741329,-15.7146191,13.76865305,5.291048314,1.125331569,-0.2,0.22,-0.01,-0.06,2.26,-2.747823389
1,0.7921,0.32,-0.532987013,0.845,-0.460454545,-0.873571429,-0.775085734,-12.07079257,3.197075488,5.106547801,0,-0.2,0.22,-0.01,-0.06,2.26,-1.865217342
1,0.6561,-0.035,-0.507272727,0.57,0.044545455,-0.37,0.909151773,-8.636024513,2.214671566,4.631478218,0.304105658,-0.2,0.22,-0.01,-0.06,2.26,-2.15977847
1,0.648025,0.055,-0.532857143,0.605,0.08,-0.379285714,0.034753262,-9.639118268,4.245463041,4.830796533,1.019376819,-0.2,0.22,-0.01,-0.06,2.26,-2.629646158
1,1.3689,-0.17,-0.474285714,0.775,-0.04,-0.626428571,0.479431637,-4.269303641,2.540013739,4.214562145,1.219527309,-0.2,0.22,-0.01,-0.06,2.26,2.123610675
1,2.9584,-0.54,-0.545714286,1,0.55,-0.548571429,-0.489288486,-6.209371016,-1.125331569,5.648811126,0,-0.07,-0.03,-0.02,-0.1,0.43,-1.60016973
1,1.452025,-0.769,0.01,0.79,0.135,-0.73,-0.725702388,1.421682763,-1.844314572,4.34160297,-1.844314572,-0.07,-0.03,-0.02,-0.1,0.43,-1.495174291
1,0.2916,0.531,0.089285714,0.115,-1.185,-0.243571429,-3.538582331,-2.939745994,-3.634677949,0.49431638,-3.235873831,0.12,-0.22,0.04,0.08,-1.5,22.45398385
1,0.1444,0.455,-0.15547619,-0.095,-0.22,0.299285714,-0.295482541,1.370255131,-2.502664422,2.680061151,-4.094737851,-0.15,0.21,-0.06,-0.18,-0.67,19.68138352
1,0.2209,0.36,-0.041666667,0.01,-0.365,0.18,0.624703981,4.683532424,-3.609360765,2.780715412,-4.60439385,-0.15,0.21,-0.06,-0.18,-0.67,19.63448738
1,0.3844,0.257,0.005,0.14,-0.56,-0.23,-0.764956337,9.921170377,0.966214589,1.482973297,-1.525194792,-0.15,0.21,-0.06,-0.18,-0.67,-4.383768074
1,0.009025,0.175,0.231666667,0.465,-0.2,-0.79,-1.475300174,4.61084913,5.101447042,0.09789526,0.828162083,0.14,-0.16,0.1,0.15,-0.79,-20.44599513
1,0.1521,0.175,0.366666667,0.325,-0.565,-0.69,-2.169874606,6.999162792,4.303506194,0.293398743,0.208768343,0.14,-0.16,0.1,0.15,-0.79,-20.02409284
1,0.0784,0.3017,-0.047619048,0.275,0.365,-0.556428571,-2.952225324,4.351888006,4.184666057,1.071612788,-0.419727794,0.14,-0.16,0.1,0.15,-0.79,-19.84053856
1,0.1024,0.1,0.039285714,0.42,-0.3,-0.718571429,-2.733480735,3.768940158,2.330104607,0.780491767,-0.621763661,0.14,-0.16,0.1,0.15,-0.79,-15.92016244
1,0.126025,-0.1283,0.161666667,0.34,-0.52,-0.595,-2.026014284,1.35178689,0.895210906,1.461302185,-1.35207468,0.14,-0.16,0.1,0.15,-0.79,-9.451117864
1,0.81,-0.3433,0.01047619,0.03,-0.975,-0.034285714,-1.099048003,-2.862394565,-0.755744733,1.559485796,-2.188727289,0.14,-0.16,0.1,0.15,-0.79,-1.047872003
1,0.2601,-0.24,0.022380952,-0.105,-0.01,0.183571429,-1.029525644,-3.577856261,-2.62196823,1.174181788,-3.135052988,0.14,-0.16,0.1,0.15,-0.79,-0.177268128
1,0.1444,0.455,-0.15547619,-0.095,-0.22,0.299285714,-0.295482541,1.370255131,-2.502664422,2.680061151,-4.094737851,0.03,0.12,0.03,0.53,9.33,7.817236658
1,0.2209,0.36,-0.041666667,0.01,-0.365,0.18,0.624703981,4.683532424,-3.609360765,2.780715412,-4.60439385,0.03,0.12,0.03,0.53,9.33,6.508080535
1,0.140625,0.22,-0.213095238,0.075,0.15,-0.037142857,0.241208909,7.352628173,-0.247218915,1.782225391,-2.247285585,0.03,0.12,0.03,0.53,9.33,0.752400363
1,0.2601,0.1517,-0.006666667,0.625,-0.5225,-1.025,-2.025213935,6.841713396,5.490879578,-0.09789526,0.621763661,-0.07,0.62,-0.06,-1.12,-1.22,-6.26324052
1,0.1521,0.175,0.366666667,0.325,-0.565,-0.69,-2.169874606,6.999162792,4.303506194,0.293398743,0.208768343,-0.07,0.62,-0.06,-1.12,-1.22,-5.306965282
1,0.81,-0.3433,0.01047619,0.03,-0.975,-0.034285714,-1.099048003,-2.862394565,-0.755744733,1.559485796,-2.188727289,0.07,-0.62,0.06,1.18,0.94,-1.186260693
1,0.0064,0.312619048,2.012463999,0.26,1.023578644,-0.488597344,-0.26679464,-11.53434202,-16.06744751,-12.91008606,-6.748069821,0.13,0.04,-0.09,-0.13,0.24,-0.507704731
1,0.5041,0.35,1.819791501,0.3,-0.083405483,-0.981528993,-1.93386134,-1.857095973,-24.17052279,-12.89138686,-13.62528047,0.13,0.04,-0.09,-0.13,0.24,-14.89947947
1,1.2321,0.358928571,1.345293754,0.405,-0.92020202,-1.312845805,-0.177927072,12.01744624,-32.72276903,-9.508896534,-20.14748773,0.13,0.04,-0.09,-0.13,0.24,-24.72831885
1,0.0361,0.24,0.840618429,0.405,-0.181565657,-0.787131519,-1.636474252,22.40900013,-35.76999426,-7.004028729,-22.31435513,0.13,0.04,-0.09,-0.13,0.24,-26.55891827
1,0.009025,0.096,0.648178284,0.47,0.018578644,-0.690025915,-1.408757592,27.94856914,-29.59808753,-4.225980929,-20.06706955,0.11,-0.16,-0.04,-0.01,0.44,-28.78611507
1,0.018225,0.205,0.005635657,0.58,-0.417950938,-0.77867185,0.655429116,35.06551015,-17.89640176,1.072076975,-16.61268709,0.11,-0.16,-0.04,-0.01,0.44,-33.36374277
1,0.030625,0.515,0.281684778,0.57,-0.159148629,-0.744311629,0.61087509,37.72048233,-17.80625347,2.498642778,-16.68988293,0.11,-0.16,-0.04,-0.01,0.44,-32.3781704
1,0.164025,-0.205,0.391175015,0.255,0.524191919,-0.14638322,-0.563243486,-13.93617907,14.07060816,6.424226873,-2.542078929,-0.04,0.32,-0.06,-0.09,-0.18,-1.420884038
1,0.1444,-0.37,0.394509232,0.31,0.55031746,-0.19026563,-0.891629435,-18.29789613,15.3693965,6.262717747,-1.32048643,-0.04,0.32,-0.06,-0.09,-0.18,-2.969745493
1,0.0081,0.07,0.346447566,0.485,-0.971356421,-1.064384516,-0.178352733,-20.45296413,15.54424613,6.000668091,0.508906951,-0.04,0.32,-0.06,-0.09,-0.18,-2.462835819
1,0.5329,-0.1,-0.514285714,0.665,-0.07,-0.516428571,0.396399626,-5.675276597,4.998350573,4.265271995,2.247285585,0.01,0.05,-0.03,-0.11,0.73,-2.751696292
1,2.42892225,-0.1535,-0.605285714,0.6385,-0.0065,-0.427928571,0.739448848,-2.446115969,1.831368981,4.292504472,1.422788229,0.01,0.05,-0.03,-0.11,0.73,1.913106973
1,2.9584,-0.54,-0.545714286,1,0.55,-0.548571429,-0.489288486,-6.209371016,-1.125331569,5.648811126,0,0.01,0.05,-0.03,-0.11,0.73,-3.465839927
1,0.7921,-0.005,0.603165363,-0.41,-0.427272727,0.3816232,0.010604513,3.521005752,4.024986036,2.658643299,3.413986172,0.01,-0.14,-0.02,-0.03,-1.86,2.673607344
1,2.325625,-8.88E-16,0.48040695,-0.455,-0.246818182,0.222598287,1.290457048,1.528827838,5.01441696,2.144033124,4.605418435,0.01,-0.14,-0.02,-0.03,-1.86,5.005604505
1,3.258025,0.478,-0.000966202,-1.03,0.357575758,0.662479564,-0.036677158,-1.334984259,4.450486124,3.355678353,3.328597763,-0.05,0.22,-0.03,-0.05,-0.16,3.147733098
1,1.8225,0.406,0.147857143,0.095,-0.36,-0.140714286,2.973457295,-1.364772398,-3.004109236,0.795232819,-2.706932197,-0.02,-0.21,0.06,0.14,-0.85,22.7849568
1,0.2209,0.36,-0.041666667,0.01,-0.365,0.18,0.624703981,4.683532424,-3.609360765,2.780715412,-4.60439385,-0.02,-0.21,0.06,0.14,-0.85,10.91778772
1,0.7225,0.295,-0.127857143,0.07,-2.05,0.085714286,-1.44345252,6.381858692,-1.557423363,2.479056058,-2.951868269,-0.02,-0.21,0.06,0.14,-0.85,8.647840056
1,0.4489,0.42275,-0.010550402,0.625,0.224343434,-0.515702948,0.572220396,37.66543497,-15.1196215,2.981735505,-16.15500607,0.39,-0.02,-0.01,-1.85,-0.1,-22.08496272
1,0.164025,-0.205,0.391175015,0.255,0.524191919,-0.14638322,-0.563243486,-13.93617907,14.07060816,6.424226873,-2.542078929,-0.51,0.03,0,-0.53,-0.09,-4.934310395
1,0.00148225,-0.18425,0.421440852,0.4665,-0.162966089,-0.691933754,-0.632740729,-21.30014019,15.74642532,6.92278615,-0.408580752,-0.51,0.03,0,-0.53,-0.09,-5.479189542
1,0.093025,-0.085,0.129132432,0.67,-1.092503608,-1.229695497,-0.960741329,-15.7146191,13.76865305,5.291048314,1.125331569,-0.51,0.03,0,-0.53,-0.09,-1.847010355
1,0.042025,-0.015,-0.21025974,0.76,-0.770909091,-1.048571429,-0.910658295,-15.30644627,4.645748326,6.015176066,-0.407332539,-0.51,0.03,0,-0.53,-0.09,0.002434442
1,2.9584,-0.54,-0.545714286,1,0.55,-0.548571429,-0.489288486,-6.209371016,-1.125331569,5.648811126,0,-0.42,0.87,-0.02,-0.82,-0.02,-1.623028969
1,1.452025,-0.769,0.01,0.79,0.135,-0.73,-0.725702388,1.421682763,-1.844314572,4.34160297,-1.844314572,-0.42,0.87,-0.02,-0.82,-0.02,-2.983578382
1,0.01,0.238,-0.389529,-0.46,0.84,0.6283768,0.048009294,-2.720093331,-3.413986172,-0.810541418,0,0.68,0,0.01,-0.04,-0.01,1.897914321
1,0.030625,0.02,-0.040537174,-0.28,0.47,0.555570261,2.14660762,4.460549513,-0.003578561,0.804024432,0.596423239,-0.77,-0.08,-0.02,-0.51,0.05,1.142799177
1,0.3844,0.2,-0.053812768,-0.28,0.51,0.280949786,1.90196409,2.018001746,1.295483987,0.808085205,1.295483987,-0.77,-0.08,-0.02,-0.51,0.05,2.952535689
1,0.2601,0.1517,-0.006666667,0.625,-0.5225,-1.025,-2.025213935,6.841713396,5.490879578,-0.09789526,0.621763661,0.17,0.46,0.01,0.46,0.04,-8.000885544
1,0.0784,0.3017,-0.047619048,0.275,0.365,-0.556428571,-2.952225324,4.351888006,4.184666057,1.071612788,-0.419727794,0.17,0.46,0.01,0.46,0.04,-11.44378658
1,0.1024,0.1,0.039285714,0.42,-0.3,-0.718571429,-2.733480735,3.768940158,2.330104607,0.780491767,-0.621763661,0.17,0.46,0.01,0.46,0.04,-7.646514385
1,0.0361,0.24,0.840618429,0.405,-0.181565657,-0.787131519,-1.636474252,22.40900013,-35.76999426,-7.004028729,-22.31435513,0.01,0.01,0.01,-0.68,0.21,-14.15240344
1,0.6241,0.15,0.306679035,0.305,0.504090909,-0.176020408,2.722639524,24.18976755,6.962679823,6.307861078,-6.662600648,0.01,0.01,0.01,-0.68,0.21,-14.34054207
1,0.0081,0.07,0.346447566,0.485,-0.971356421,-1.064384516,-0.178352733,-20.45296413,15.54424613,6.000668091,0.508906951,0.07,-0.23,0,-0.08,0.3,-4.713889727
1,0.042025,-0.015,-0.21025974,0.76,-0.770909091,-1.048571429,-0.910658295,-15.30644627,4.645748326,6.015176066,-0.407332539,-0.09,0.08,-0.18,-0.74,4.29,-7.899897196
1,1.5129,0.37,0.192857143,-0.085,-0.66,-0.060714286,-0.058759705,-2.679466176,-3.732546442,0.792868376,-3.533936645,-0.18,0.31,-0.11,-0.57,0.6,2.356210203
1,0.2916,0.531,0.089285714,0.115,-1.185,-0.243571429,-3.538582331,-2.939745994,-3.634677949,0.49431638,-3.235873831,-0.18,0.31,-0.11,-0.57,0.6,4.769629162
1,0.1681,-0.17,0.43464617,0.015,0.950887446,0.279071914,2.536816069,9.346241446,16.95041224,6.590619858,-3.197075488,-0.04,0.19,-0.03,-0.42,6.62,-8.458962618
1,0.0081,0.085,0.465178019,0.15,0.259574315,-0.192027859,2.442790612,0.182495965,20.40378922,6.891225558,-1.910565908,-0.04,0.19,-0.03,-0.42,6.62,-6.662166503
1,0.0324,-0.01,0.468689814,0.05,0.005266955,-0.212941367,0.756958884,-4.6798782,16.84098332,6.386383316,-3.226086222,0.02,-0.27,-0.02,-0.18,-21.03,-3.474614739
1,0.164025,-0.205,0.391175015,0.255,0.524191919,-0.14638322,-0.563243486,-13.93617907,14.07060816,6.424226873,-2.542078929,0.02,-0.27,-0.02,-0.18,-21.03,-4.23415165
1,0.6561,-0.035,-0.507272727,0.57,0.044545455,-0.37,0.909151773,-8.636024513,2.214671566,4.631478218,0.304105658,0.02,-0.27,-0.02,-0.18,-21.03,1.399379258
1,0.286225,0.005,-0.266103896,0.715,-0.181363636,-0.706428571,2.027127566,-5.695353079,4.883152766,4.242071588,2.341073837,0,-0.2,0,-0.03,0.22,3.467522016
1,1.1881,-0.535,-0.411428571,0.815,0.505,-0.432142857,0.17935678,-1.336642596,0.702005928,5.244647537,1.210912879,0,-0.2,0,-0.03,0.22,1.631936747
1,1.288225,0.435,-0.058186236,0.505,0.381291486,-0.305032394,2.889610311,30.69169377,1.179741992,5.810763081,-9.105996552,-0.13,0.44,0.01,0.22,-2.36,-69.50925979
1,0.0081,0.085,0.465178019,0.15,0.259574315,-0.192027859,2.442790612,0.182495965,20.40378922,6.891225558,-1.910565908,0.06,-0.08,-0.02,-0.26,1.62,-41.26514688
1,0.093025,-0.085,0.129132432,0.67,-1.092503608,-1.229695497,-0.960741329,-15.7146191,13.76865305,5.291048314,1.125331569,0.06,-0.08,-0.02,-0.26,1.62,-3.700203824
1,0.1444,-0.12,-0.427402597,0.8,-0.775909091,-1.014285714,0.314123075,-17.17673844,5.541855346,5.606849548,-1.120745302,0.06,-0.08,-0.02,-0.26,1.62,-1.130220993
1,1.0609,0.325,0.011030822,-0.305,0.384415584,0.306448034,0.722692616,-0.587555214,3.222276321,3.692727259,2.211145361,-0.01,-0.1,0.05,0.83,-1.2,3.033623084
1,0.0625,0.34,-0.14361867,-0.165,0.585454545,0.472286882,-1.223147415,-3.960768964,-0.003621763,2.038806604,0.6000018,-0.01,-0.1,0.05,0.83,-1.2,-1.686223447
1,0.4489,0.188,-0.244233165,-0.17,0.245,0.566613468,0.52866353,-2.79045277,-5.431955916,-1.01215439,-0.59230183,-0.01,-0.1,0.05,0.83,-1.2,-5.611225461
1,0.697225,0.179,0.437335539,-0.05,-0.265,0.691868431,0.353771442,0.085439891,-5.296744239,-0.199401861,-0.588814263,0.02,0.04,0,0.15,1.4,-3.026644142
1,0.1521,0.54,-0.02,0.065,-1.075,-0.205,-0.184218813,-5.693433678,-4.12679491,1.588911283,-3.530371671,0,-0.03,-0.01,-0.31,0.43,9.741533397
1,0.0441,0.5,-0.119047619,0.065,-0.175,0.071428571,0.315745106,-0.920595067,-4.772537119,2.680061151,-4.273284959,0,-0.03,-0.01,-0.31,0.43,4.867559733
1,0.093025,-0.085,0.129132432,0.67,-1.092503608,-1.229695497,-0.960741329,-15.7146191,13.76865305,5.291048314,1.125331569,-0.07,0.16,-0.05,-0.1,-28.28,-4.18022819
1,0.648025,0.055,-0.532857143,0.605,0.08,-0.379285714,0.034753262,-9.639118268,4.245463041,4.830796533,1.019376819,-0.07,0.16,-0.05,-0.1,-28.28,-0.777157563
1,0.5329,-0.1,-0.514285714,0.665,-0.07,-0.516428571,0.396399626,-5.675276597,4.998350573,4.265271995,2.247285585,-0.07,0.16,-0.05,-0.1,-28.28,-0.678666426
1,2.42892225,-0.1535,-0.605285714,0.6385,-0.0065,-0.427928571,0.739448848,-2.446115969,1.831368981,4.292504472,1.422788229,0.03,-0.11,-0.02,-0.05,-2.59,6.053239772
1,1.1881,-0.535,-0.411428571,0.815,0.505,-0.432142857,0.17935678,-1.336642596,0.702005928,5.244647537,1.210912879,0.03,-0.11,-0.02,-0.05,-2.59,8.334041426
1,0.0625,0.34,-0.14361867,-0.165,0.585454545,0.472286882,-1.223147415,-3.960768964,-0.003621763,2.038806604,0.6000018,-0.12,-0.06,-0.06,-0.34,31.9,-4.588493515
1,0.01,0.238,-0.389529,-0.46,0.84,0.6283768,0.048009294,-2.720093331,-3.413986172,-0.810541418,0,-0.12,-0.06,-0.06,-0.34,31.9,1.148381354
1,0.001225,0.06,-0.0389529,-0.295,0.51,0.68783768,0.015230639,-0.323588535,-2.012535564,1.201215645,0.198609797,-0.12,-0.06,-0.06,-0.34,31.9,5.416185635
1,0.015625,-0.006,0.01739782,-0.19,0.15,0.519918256,2.919023362,1.233157916,-0.605220381,2.204498092,0.398804118,0.03,0.09,-0.01,-0.04,-10.41,7.911265234
1,0.030625,0.02,-0.040537174,-0.28,0.47,0.555570261,2.14660762,4.460549513,-0.003578561,0.804024432,0.596423239,0.03,0.09,-0.01,-0.04,-10.41,10.66875374
1,0.3844,0.2,-0.053812768,-0.28,0.51,0.280949786,1.90196409,2.018001746,1.295483987,0.808085205,1.295483987,0.03,0.09,-0.01,-0.04,-10.41,11.30492318
1,1.5376,0.265,0.195714286,-0.335,0.635,0.383571429,-0.243002868,-2.354643483,-0.402731255,1.01215439,-0.995033085,0.03,0.09,-0.01,-0.04,-10.41,6.290173522
2,0.042025,-0.015,-0.21025974,0.76,-0.770909091,-1.048571429,-0.910658295,-15.30644627,4.645748326,6.015176066,-0.407332539,0.01,0.28,-0.06,-0.17,7.55,-0.163372936
2,0.6561,-0.035,-0.507272727,0.57,0.044545455,-0.37,0.909151773,-8.636024513,2.214671566,4.631478218,0.304105658,0.01,0.28,-0.06,-0.17,7.55,0.060302658
2,1.755625,-0.108,0.439363035,-0.49,-0.159545455,0.227672246,-0.257482433,1.913527391,5.662704,2.756682983,4.839654086,-0.32,0.32,0.02,0.63,-0.22,29.99778182
2,0.0081,0.07,0.346447566,0.485,-0.971356421,-1.064384516,-0.178352733,-20.45296413,15.54424613,6.000668091,0.508906951,-0.06,0.01,-0.03,-0.13,-0.23,-1.320577343
2,1.476225,-0.505,-0.105584416,0.75,0.740454545,-0.364285714,-0.576002978,0.080928368,0.297695388,5.205636196,-0.823049914,0.02,0.13,0.02,0.09,1.39,2.973833206
2,0.01,0.238,-0.389529,-0.46,0.84,0.6283768,0.048009294,-2.720093331,-3.413986172,-0.810541418,0,-0.03,-0.01,-0.07,-0.26,-0.31,-3.320431769
2,0.4489,0.188,-0.244233165,-0.17,0.245,0.566613468,0.52866353,-2.79045277,-5.431955916,-1.01215439,-0.59230183,-0.03,-0.01,-0.07,-0.26,-0.31,-5.64711934
2,3.6864,-0.04,0.596138575,0.265,-0.82,0.67591086,-0.801929529,-1.346990505,-6.124996116,-0.100050033,-0.887142339,0.05,-0.03,-0.02,-0.04,-0.23,-6.753219837
2,3.900625,0.433,0.130714286,-0.175,1.65,0.243571429,0.72676941,-3.523237286,-0.312289732,0.40241503,-1.394444906,-0.11,0.16,-0.02,-0.12,-0.38,8.232525724
2,3.1684,0.395,0.143571429,0.115,0.11,-0.072142857,-1.162416667,-4.388108544,-1.902595118,0.199401861,-2.491409381,-0.11,0.16,-0.02,-0.12,-0.38,14.17311821
2,0.648025,0.055,-0.532857143,0.605,0.08,-0.379285714,0.034753262,-9.639118268,4.245463041,4.830796533,1.019376819,0.17,0.06,0,-0.07,-0.01,-0.480050719
2,1.3689,-0.17,-0.474285714,0.775,-0.04,-0.626428571,0.479431637,-4.269303641,2.540013739,4.214562145,1.219527309,0.17,0.06,0,-0.07,-0.01,3.312351982
2,2.42892225,-0.1535,-0.605285714,0.6385,-0.0065,-0.427928571,0.739448848,-2.446115969,1.831368981,4.292504472,1.422788229,0.17,0.06,0,-0.07,-0.01,3.950926851
2,1.5376,1.008387097,1.626592455,-0.029,2.144343434,0.464011338,-0.623217427,-15.85485977,-7.723269632,-10.6677014,1.283714676,-0.2,0.18,0.13,1.25,1.44,-8.085533426
2,3.045025,0.953387097,1.154931531,0.1055,2.402215007,0.617331228,-0.498725641,-14.99118271,-5.949598741,-11.59071139,1.116370546,-0.2,0.18,0.13,1.25,1.44,-12.22208462
2,0.1764,0.515,1.787843449,0.155,1.264776335,-0.190814707,-0.689043673,-11.59353683,-11.51070211,-12.54490002,-2.770740015,-0.2,0.18,0.13,1.25,1.44,-10.97741502
2,0.0169,0.022142857,2.052826221,0.435,1.116161616,-0.634274376,-1.018014263,-10.57772528,-20.1095825,-12.38694817,-10.28573854,-0.2,0.18,0.13,1.25,1.44,-9.379450709
2,1.9044,-0.843,-0.095252525,0.725,0.141060606,-0.625,-0.286735999,2.073228414,-2.141265179,3.579329461,-1.12188836,0.12,-0.21,0.02,0.31,-0.24,6.671146634
2,1.334025,-0.5,0.499480519,-0.21,-0.256818182,-0.087142857,-1.012630862,2.824230299,-0.819164666,1.97614335,0.603623563,-0.29,-0.08,0.01,-0.08,-0.16,5.123007406
2,1.0816,-0.28,0.380490109,-0.39,0.293636364,0.295846633,1.877935269,5.015282774,2.213370035,2.051353983,2.213370035,-0.29,-0.08,0.01,-0.08,-0.16,2.177598906
2,1.5129,0.37,0.192857143,-0.085,-0.66,-0.060714286,-0.058759705,-2.679466176,-3.732546442,0.792868376,-3.533936645,0.18,0,0,-0.08,0.21,7.638557907
2,1.9044,-0.843,-0.095252525,0.725,0.141060606,-0.625,-0.286735999,2.073228414,-2.141265179,3.579329461,-1.12188836,0.24,-0.08,0.01,0.19,21.54,-56.86710619
2,2.7556,-0.615,-0.17952381,0.51,0.345,-0.284285714,-0.927821307,2.541695548,-3.671521257,2.953801244,-1.424235672,0.24,-0.08,0.01,0.19,21.54,-68.15404304
2,0.7921,-0.005,0.603165363,-0.41,-0.427272727,0.3816232,0.010604513,3.521005752,4.024986036,2.658643299,3.413986172,-0.01,0.03,-0.01,-0.05,-12.5,-44.85850257
2,1.755625,-0.108,0.439363035,-0.49,-0.159545455,0.227672246,-0.257482433,1.913527391,5.662704,2.756682983,4.839654086,-0.01,0.03,-0.01,-0.05,-12.5,-29.02292986
2,1.476225,-0.505,-0.105584416,0.75,0.740454545,-0.364285714,-0.576002978,0.080928368,0.297695388,5.205636196,-0.823049914,-0.06,-0.06,-0.02,-0.57,-0.04,-4.649101983
2,1.452025,-0.769,0.01,0.79,0.135,-0.73,-0.725702388,1.421682763,-1.844314572,4.34160297,-1.844314572,-0.06,-0.06,-0.02,-0.57,-0.04,-4.702304884
2,0.119025,-0.485,0.155584416,-0.25,-0.211168831,0.095714286,-0.601394104,0.717528436,-1.118568189,1.990636712,0.10095912,-0.44,0,-0.02,-1.16,-0.03,-2.071798727
2,1.334025,-0.5,0.499480519,-0.21,-0.256818182,-0.087142857,-1.012630862,2.824230299,-0.819164666,1.97614335,0.603623563,-0.44,0,-0.02,-1.16,-0.03,-1.956197201
2,1.5129,0.37,0.192857143,-0.085,-0.66,-0.060714286,-0.058759705,-2.679466176,-3.732546442,0.792868376,-3.533936645,1.29,-0.13,0.12,1.2,-0.18,14.36207621
2,0.81,-0.3433,0.01047619,0.03,-0.975,-0.034285714,-1.099048003,-2.862394565,-0.755744733,1.559485796,-2.188727289,-0.13,0.01,-0.02,-0.23,0.12,-3.428252346
2,0.189225,0.085,-0.145862557,-0.205,0.418636364,0.7497645,0.013139821,-2.997205191,0,0.406504625,0,-0.06,0.39,-0.04,-0.07,39.86,-12.32859693
2,3.6864,-0.04,0.596138575,0.265,-0.82,0.67591086,-0.801929529,-1.346990505,-6.124996116,-0.100050033,-0.887142339,0.08,-0.48,0.04,0.06,53.31,-23.6016599
2,0.133225,0.067,0.058080965,-0.125,0.345,0.619464772,-0.196493724,-0.429460257,-2.429667662,0.400000533,0.199401861,0.08,-0.48,0.04,0.06,53.31,-16.21459146
2,0.001225,0.06,-0.0389529,-0.295,0.51,0.68783768,0.015230639,-0.323588535,-2.012535564,1.201215645,0.198609797,0.08,-0.48,0.04,0.06,53.31,-17.89403753
2,0.3844,0.2,-0.053812768,-0.28,0.51,0.280949786,1.90196409,2.018001746,1.295483987,0.808085205,1.295483987,0.08,-0.48,0.04,0.06,53.31,-3.993915395
2,0.0784,0.3017,-0.047619048,0.275,0.365,-0.556428571,-2.952225324,4.351888006,4.184666057,1.071612788,-0.419727794,-0.12,-0.5,0.13,1.38,4.86,-16.03533411
2,0.126025,-0.1283,0.161666667,0.34,-0.52,-0.595,-2.026014284,1.35178689,0.895210906,1.461302185,-1.35207468,-0.12,-0.5,0.13,1.38,4.86,-11.07007273
2,0.0169,0.022142857,2.052826221,0.435,1.116161616,-0.634274376,-1.018014263,-10.57772528,-20.1095825,-12.38694817,-10.28573854,-0.05,0.22,0,-0.69,-0.25,2.97808825
2,1.050625,1.358190476,-0.55374238,-0.13875,-2.244458874,-0.722027454,-0.434188182,-0.350212356,5.395423733,1.960847139,9.823843958,0.26,0,0.02,0.34,-0.31,10.69886224
2,0.018225,0.205,0.005635657,0.58,-0.417950938,-0.77867185,0.655429116,35.06551015,-17.89640176,1.072076975,-16.61268709,0.18,-0.02,-0.02,-0.24,-0.51,-18.82562147
2,0.004225,-0.055,0.444491563,0.12,0.12002886,-0.220395206,2.147853428,-14.2820144,16.97737796,6.104370403,-2.751064988,-0.21,0.06,-0.02,-0.38,0.05,-8.296059986
2,0.164025,-0.205,0.391175015,0.255,0.524191919,-0.14638322,-0.563243486,-13.93617907,14.07060816,6.424226873,-2.542078929,-0.21,0.06,-0.02,-0.38,0.05,-6.736283967
2,0.1444,-0.37,0.394509232,0.31,0.55031746,-0.19026563,-0.891629435,-18.29789613,15.3693965,6.262717747,-1.32048643,-0.21,0.06,-0.02,-0.38,0.05,-5.136896282
2,2.0736,-0.29,0.515844156,-0.3,-0.159545455,0.042857143,-1.062104759,2.366048666,-1.210912879,2.370023347,0,-0.28,0.08,0.01,0.48,4.21,7.593313847
2,2.325625,-8.88E-16,0.48040695,-0.455,-0.246818182,0.222598287,1.290457048,1.528827838,5.01441696,2.144033124,4.605418435,0.15,0.02,0.02,-0.02,5.24,3.14260657
2,5.3361,0.505,0.192092195,-0.785,0.007272727,0.336249513,0.732778118,-2.564947951,4.053305195,3.673882565,2.629069523,0.15,0.02,0.02,-0.02,5.24,-2.241411292
2,1.0609,0.325,0.011030822,-0.305,0.384415584,0.306448034,0.722692616,-0.587555214,3.222276321,3.692727259,2.211145361,0.15,0.02,0.02,-0.02,5.24,-2.249861498
2,0.0625,0.34,-0.14361867,-0.165,0.585454545,0.472286882,-1.223147415,-3.960768964,-0.003621763,2.038806604,0.6000018,0.15,0.02,0.02,-0.02,5.24,-8.640701697
2,0.0121,0.177,-0.175926431,-0.425,0.415,0.740258856,1.627047753,-1.921725339,-5.687573609,0.201816416,-1.082155174,0.08,-0.03,-0.02,-0.27,0.32,0.760139164
2,3.6864,-0.04,0.596138575,0.265,-0.82,0.67591086,-0.801929529,-1.346990505,-6.124996116,-0.100050033,-0.887142339,0.08,-0.03,-0.02,-0.27,0.32,1.470947549
2,0.245025,0.189,0.129400545,-0.035,0.18,0.582520436,-1.38328001,-1.08696823,-3.031420724,0.199800266,0.297177039,0.08,-0.03,-0.02,-0.27,0.32,4.384232658
2,5.4756,0.545,0.302142857,-0.195,0.06,0.120714286,0.392174808,-2.922945565,-1.112924332,0.200000067,-2.000066671,-0.1,0.04,-0.01,-0.27,-4.03,10.0324887
2,0.616225,0.335,-0.270714286,0.47,0.095,-0.528571429,-2.066267007,11.85619063,3.63665879,0.197238723,0.102722146,-0.23,-0.06,-0.06,-0.57,3.76,-1.6580049
2,0.1024,0.1,0.039285714,0.42,-0.3,-0.718571429,-2.733480735,3.768940158,2.330104607,0.780491767,-0.621763661,-0.2,-0.01,-0.02,0.01,-19.59,12.21467555
2,0.1521,0.175,0.366666667,0.325,-0.565,-0.69,-2.169874606,6.999162792,4.303506194,0.293398743,0.208768343,0,-0.25,0.01,0.03,0.7,-12.92510899
2,0.429025,-0.212,0.043571429,0.095,-0.805,-0.222142857,-1.92507489,-1.699600592,-0.859573484,2.232018909,-2.384768276,0,-0.25,0.01,0.03,0.7,-4.61774042
2,0.1521,0.54,-0.02,0.065,-1.075,-0.205,-0.184218813,-5.693433678,-4.12679491,1.588911283,-3.530371671,0.03,-0.89,-0.02,-0.76,0.05,-14.95812098
2,0.342225,0.725714286,-0.643297995,0.00125,-1.780533911,-0.61210196,0.206625457,-0.887378526,6.009382847,3.157584046,9.31937769,0.92,0.06,0.05,0.85,-0.16,12.48021392
2,0.03705625,0.592833333,-0.210485467,0.34,-0.505429293,-0.503560091,0.435064471,-4.49903167,6.12930644,1.413835405,10.54524232,0.92,0.06,0.05,0.85,-0.16,21.55120359
2,0.172225,0.771612903,0.544124923,0.125,0.330707071,-0.161417234,-0.620797547,-13.00180443,8.88607959,-3.761505395,13.45563913,0.92,0.06,0.05,0.85,-0.16,26.61321682
2,0.093025,0.485,1.711814648,0.0975,1.071305916,-0.197525915,-0.499914634,-14.3406025,-8.518839409,-12.71551755,-1.035384573,-1.33,0.11,-0.13,-4.27,-0.13,21.95562607
2,0.5041,0.35,1.819791501,0.3,-0.083405483,-0.981528993,-1.93386134,-1.857095973,-24.17052279,-12.89138686,-13.62528047,-1.33,0.11,-0.13,-4.27,-0.13,-2.351998832
2,4.00E-04,0.37,0.349606856,0.5,-0.296421356,-0.762883058,-2.254731524,35.28085645,-25.94056327,-0.827917207,-19.72844295,-1.33,0.11,-0.13,-4.27,-0.13,-31.42016021
2,2.7556,-0.615,-0.17952381,0.51,0.345,-0.284285714,-0.927821307,2.541695548,-3.671521257,2.953801244,-1.424235672,0.18,-0.36,0.01,-0.05,-0.13,-4.17099096
2,0.245025,0.189,0.129400545,-0.035,0.18,0.582520436,-1.38328001,-1.08696823,-3.031420724,0.199800266,0.297177039,-0.42,0.01,0.01,-0.22,0.01,-4.075683463
2,1.030225,0.313,0.132857143,0.105,-0.405,-0.130714286,1.847677519,-1.680107144,-2.925466682,0.597016699,-2.726064821,0.22,-0.04,-0.06,-1.29,-0.02,9.627280907
2,0.497025,0.57,0.138809524,0,-0.5325,0.105714286,-1.786073565,-2.632675278,-6.164599904,2.777956411,-4.869115917,0.2,0.01,0.01,0.98,0.16,11.44742229
2,0.0441,0.5,-0.119047619,0.065,-0.175,0.071428571,0.315745106,-0.920595067,-4.772537119,2.680061151,-4.273284959,0.2,0.01,0.01,0.98,0.16,10.39105406
2,0.075625,0.315,-0.138095238,0.205,-0.065,-0.352142857,-2.582479947,9.972630019,2.212980063,0.790517951,-0.513084758,0.2,0.01,0.01,0.98,0.16,-5.425127071
2,0.0016,0.26,-0.194761905,0.3,1.07,-0.377142857,0.387984921,9.595740135,4.360055317,0.589972213,1.124181487,0.35,-0.05,0,-1.1,0.02,-15.22089986
2,0.030625,0.02,-0.040537174,-0.28,0.47,0.555570261,2.14660762,4.460549513,-0.003578561,0.804024432,0.596423239,-0.02,-0.61,0.03,0.05,3.4,0.506938014
2,0.140625,0.22,-0.213095238,0.075,0.15,-0.037142857,0.241208909,7.352628173,-0.247218915,1.782225391,-2.247285585,0,-0.06,0.1,0.22,-2.35,-4.83953565
2,0.1521,0.175,0.366666667,0.325,-0.565,-0.69,-2.169874606,6.999162792,4.303506194,0.293398743,0.208768343,0.01,0.05,0.01,0.01,-1.07,-10.47461435
2,2.7556,-0.615,-0.17952381,0.51,0.345,-0.284285714,-0.927821307,2.541695548,-3.671521257,2.953801244,-1.424235672,-0.07,-0.03,-0.02,-0.1,0.43,-0.514827997
2,0.7921,-0.005,0.603165363,-0.41,-0.427272727,0.3816232,0.010604513,3.521005752,4.024986036,2.658643299,3.413986172,0.01,-0.05,-0.02,-0.06,-0.44,2.040999124
2,5.040025,0.259,-0.543476238,-1.055,1.216818182,0.436946283,0.284446686,-0.570613796,7.082168349,3.562717764,5.237853777,0.01,-0.05,-0.02,-0.06,-0.44,3.201788641
2,4.305625,0.376,-0.267270604,-1.16,0.847727273,0.715274426,0.128146936,-1.613862067,6.032452652,2.930982925,4.707929977,0.01,-0.05,-0.02,-0.06,-0.44,4.883498366
2,3.258025,0.478,-0.000966202,-1.03,0.357575758,0.662479564,-0.036677158,-1.334984259,4.450486124,3.355678353,3.328597763,0.01,-0.05,-0.02,-0.06,-0.44,4.831113642
2,0.0625,0.34,-0.14361867,-0.165,0.585454545,0.472286882,-1.223147415,-3.960768964,-0.003621763,2.038806604,0.6000018,0.01,-0.05,-0.02,-0.06,-0.44,-0.605317632
2,0.189225,0.085,-0.145862557,-0.205,0.418636364,0.7497645,0.013139821,-2.997205191,0,0.406504625,0,0.01,-0.05,-0.02,-0.06,-0.44,-2.447404121
2,0.0784,0.3017,-0.047619048,0.275,0.365,-0.556428571,-2.952225324,4.351888006,4.184666057,1.071612788,-0.419727794,-0.16,-0.08,0.07,0.16,-1.61,-8.363934397
2,0.1024,0.1,0.039285714,0.42,-0.3,-0.718571429,-2.733480735,3.768940158,2.330104607,0.780491767,-0.621763661,-0.16,-0.08,0.07,0.16,-1.61,-2.237244613
2,1.0816,-0.28,0.380490109,-0.39,0.293636364,0.295846633,1.877935269,5.015282774,2.213370035,2.051353983,2.213370035,0.02,-0.16,0.02,0.33,4.1,10.14271069
2,0.0625,0.34,-0.14361867,-0.165,0.585454545,0.472286882,-1.223147415,-3.960768964,-0.003621763,2.038806604,0.6000018,-0.05,0.17,-0.03,-0.58,3.09,-5.138593842
2,0.3249,0.35,-0.017308291,-0.475,0.275,0.689153367,-1.948862717,-2.718288252,-2.812174219,0.202839826,-0.598804184,-0.05,0.17,-0.03,-0.58,3.09,-7.71063482
2,0.01,0.238,-0.389529,-0.46,0.84,0.6283768,0.048009294,-2.720093331,-3.413986172,-0.810541418,0,-0.05,0.17,-0.03,-0.58,3.09,-7.069236595
2,3.6864,-0.04,0.596138575,0.265,-0.82,0.67591086,-0.801929529,-1.346990505,-6.124996116,-0.100050033,-0.887142339,-0.05,0.17,-0.03,-0.58,3.09,-8.125893202
2,0.2916,0.531,0.089285714,0.115,-1.185,-0.243571429,-3.538582331,-2.939745994,-3.634677949,0.49431638,-3.235873831,0.03,0.12,0.03,0.53,9.33,13.04262909
2,0.1521,0.54,-0.02,0.065,-1.075,-0.205,-0.184218813,-5.693433678,-4.12679491,1.588911283,-3.530371671,0.03,0.12,0.03,0.53,9.33,11.75300941
2,0.1764,0.515,1.787843449,0.155,1.264776335,-0.190814707,-0.689043673,-11.59353683,-11.51070211,-12.54490002,-2.770740015,0.13,0.04,-0.09,-0.13,0.24,12.53124978
2,0.4489,0.188,-0.244233165,-0.17,0.245,0.566613468,0.52866353,-2.79045277,-5.431955916,-1.01215439,-0.59230183,-0.05,0.22,-0.03,-0.05,-0.16,-5.122700935
2,0.0121,0.177,-0.175926431,-0.425,0.415,0.740258856,1.627047753,-1.921725339,-5.687573609,0.201816416,-1.082155174,-0.05,0.22,-0.03,-0.05,-0.16,-5.459386595
2,3.6864,-0.04,0.596138575,0.265,-0.82,0.67591086,-0.801929529,-1.346990505,-6.124996116,-0.100050033,-0.887142339,-0.05,0.22,-0.03,-0.05,-0.16,-4.027769915
2,0.697225,0.179,0.437335539,-0.05,-0.265,0.691868431,0.353771442,0.085439891,-5.296744239,-0.199401861,-0.588814263,-0.05,0.22,-0.03,-0.05,-0.16,-3.589299325
2,1.5376,0.265,0.195714286,-0.335,0.635,0.383571429,-0.243002868,-2.354643483,-0.402731255,1.01215439,-0.995033085,0.05,-0.01,0,0.02,1.27,14.92656939
2,0.093025,0.485,1.711814648,0.0975,1.071305916,-0.197525915,-0.499914634,-14.3406025,-8.518839409,-12.71551755,-1.035384573,-0.71,-0.04,0,0.09,0.02,11.79501573
2,0.6561,-0.035,-0.507272727,0.57,0.044545455,-0.37,0.909151773,-8.636024513,2.214671566,4.631478218,0.304105658,-0.51,0.03,0,-0.53,-0.09,-1.029087988
2,0.286225,0.005,-0.266103896,0.715,-0.181363636,-0.706428571,2.027127566,-5.695353079,4.883152766,4.242071588,2.341073837,-0.42,0.87,-0.02,-0.82,-0.02,1.158212069
2,3.1684,0.395,0.143571429,0.115,0.11,-0.072142857,-1.162416667,-4.388108544,-1.902595118,0.199401861,-2.491409381,-0.77,-0.08,-0.02,-0.51,0.05,6.313663835
2,1.8225,0.406,0.147857143,0.095,-0.36,-0.140714286,2.973457295,-1.364772398,-3.004109236,0.795232819,-2.706932197,-0.15,-0.36,0,0.27,0.04,7.258703577
2,0.2916,0.531,0.089285714,0.115,-1.185,-0.243571429,-3.538582331,-2.939745994,-3.634677949,0.49431638,-3.235873831,-0.15,-0.36,0,0.27,0.04,11.39342194
2,0.7225,0.295,-0.127857143,0.07,-2.05,0.085714286,-1.44345252,6.381858692,-1.557423363,2.479056058,-2.951868269,-0.15,-0.36,0,0.27,0.04,3.431992003
2,0.9216,0.69,1.161035427,0.05375,1.453578644,0.220509799,-0.297912187,-14.88884837,-1.638624813,-8.681504833,6.212120318,-0.01,0.02,0.01,0.08,0.02,11.17884083
2,3.045025,0.953387097,1.154931531,0.1055,2.402215007,0.617331228,-0.498725641,-14.99118271,-5.949598741,-11.59071139,1.116370546,-0.01,0.02,0.01,0.08,0.02,12.22782632
2,0.0064,0.312619048,2.012463999,0.26,1.023578644,-0.488597344,-0.26679464,-11.53434202,-16.06744751,-12.91008606,-6.748069821,-0.01,0.02,0.01,0.08,0.02,5.371699501
2,0.009025,0.096,0.648178284,0.47,0.018578644,-0.690025915,-1.408757592,27.94856914,-29.59808753,-4.225980929,-20.06706955,-0.2,0.26,-0.03,-0.1,0.07,-16.20437976
2,0.680625,0.535,0.105061401,0.375,0.497669553,-0.177883058,0.89914831,30.95305332,-5.895251659,5.342516667,-12.64332148,-0.16,-0.05,0,-0.05,-2.86,-17.22970862
2,0.6241,0.15,0.306679035,0.305,0.504090909,-0.176020408,2.722639524,24.18976755,6.962679823,6.307861078,-6.662600648,-0.16,-0.05,0,-0.05,-2.86,-12.36539418
2,0.004225,-0.055,0.444491563,0.12,0.12002886,-0.220395206,2.147853428,-14.2820144,16.97737796,6.104370403,-2.751064988,-0.16,-0.05,0,-0.05,-2.86,-1.225031256
2,0.164025,-0.205,0.391175015,0.255,0.524191919,-0.14638322,-0.563243486,-13.93617907,14.07060816,6.424226873,-2.542078929,-0.16,-0.05,0,-0.05,-2.86,-3.879769124
2,0.616225,0.335,-0.270714286,0.47,0.095,-0.528571429,-2.066267007,11.85619063,3.63665879,0.197238723,0.102722146,0.3,-0.46,0,-0.24,-0.51,12.00801828
2,0.03705625,0.592833333,-0.210485467,0.34,-0.505429293,-0.503560091,0.435064471,-4.49903167,6.12930644,1.413835405,10.54524232,0.1,0.93,-0.05,0.34,-9.68,11.03015526
2,0.9216,0.69,1.161035427,0.05375,1.453578644,0.220509799,-0.297912187,-14.88884837,-1.638624813,-8.681504833,6.212120318,0.1,0.93,-0.05,0.34,-9.68,14.81952188
2,0.0064,0.312619048,2.012463999,0.26,1.023578644,-0.488597344,-0.26679464,-11.53434202,-16.06744751,-12.91008606,-6.748069821,0.01,-0.1,-0.02,0.08,-13.1,10.70086388
2,0.0169,0.022142857,2.052826221,0.435,1.116161616,-0.634274376,-1.018014263,-10.57772528,-20.1095825,-12.38694817,-10.28573854,0.01,-0.1,-0.02,0.08,-13.1,2.148084363
2,0.5041,0.35,1.819791501,0.3,-0.083405483,-0.981528993,-1.93386134,-1.857095973,-24.17052279,-12.89138686,-13.62528047,0.01,-0.1,-0.02,0.08,-13.1,2.180255886
2,2.9584,0.685,1.801295167,0.285,-1.320512266,-1.542168772,-0.946231018,3.233369874,-28.52262366,-11.43772698,-17.26127427,0.01,-0.1,-0.02,0.08,-13.1,-8.423505456
2,0.0361,0.24,0.840618429,0.405,-0.181565657,-0.787131519,-1.636474252,22.40900013,-35.76999426,-7.004028729,-22.31435513,0.01,-0.1,-0.02,0.08,-13.1,-7.184175034
2,0.6241,0.15,0.306679035,0.305,0.504090909,-0.176020408,2.722639524,24.18976755,6.962679823,6.307861078,-6.662600648,-0.02,-1.72,-0.02,-0.14,1.81,-12.6923225
2,0.8281,0.105,0.333752098,0.41,0.634617605,-0.22915128,2.034770128,18.41186309,12.2081934,6.400288199,-5.053080865,-0.02,-1.72,-0.02,-0.14,1.81,-7.362298513
2,0.0081,0.085,0.465178019,0.15,0.259574315,-0.192027859,2.442790612,0.182495965,20.40378922,6.891225558,-1.910565908,-0.02,-1.72,-0.02,-0.14,1.81,-7.66595093
2,2.0736,-0.79,-0.11974026,0.97,0.055909091,-0.901428571,0.341802422,1.137443824,-1.628628333,4.940573821,-1.324522675,0,0.16,0.05,0.09,0.66,-5.937970168
2,1.9044,-0.843,-0.095252525,0.725,0.141060606,-0.625,-0.286735999,2.073228414,-2.141265179,3.579329461,-1.12188836,0,0.16,0.05,0.09,0.66,-4.764584483
2,2.7556,-0.615,-0.17952381,0.51,0.345,-0.284285714,-0.927821307,2.541695548,-3.671521257,2.953801244,-1.424235672,0,0.16,0.05,0.09,0.66,-3.827623904
2,0.7921,-0.005,0.603165363,-0.41,-0.427272727,0.3816232,0.010604513,3.521005752,4.024986036,2.658643299,3.413986172,-0.02,0,-0.01,-0.08,0.21,6.271212988
2,1.755625,-0.108,0.439363035,-0.49,-0.159545455,0.227672246,-0.257482433,1.913527391,5.662704,2.756682983,4.839654086,-0.02,0,-0.01,-0.08,0.21,6.494745128
2,0.354025,0.375,-0.026099119,-0.18,0.50525974,0.281510315,1.264570314,-0.89289271,0.903065378,2.357874482,1.004024499,-0.02,0,-0.01,-0.08,0.21,-1.27199382
2,0.0625,0.34,-0.14361867,-0.165,0.585454545,0.472286882,-1.223147415,-3.960768964,-0.003621763,2.038806604,0.6000018,-0.02,0,-0.01,-0.08,0.21,-2.43205422
2,0.189225,0.085,-0.145862557,-0.205,0.418636364,0.7497645,0.013139821,-2.997205191,0,0.406504625,0,-0.02,0,-0.01,-0.08,0.21,-3.580672236
2,0.4489,0.188,-0.244233165,-0.17,0.245,0.566613468,0.52866353,-2.79045277,-5.431955916,-1.01215439,-0.59230183,0.04,0.07,-0.07,-0.29,0.69,-2.783371411
2,3.6864,-0.04,0.596138575,0.265,-0.82,0.67591086,-0.801929529,-1.346990505,-6.124996116,-0.100050033,-0.887142339,0.04,0.07,-0.07,-0.29,0.69,-4.362358991
2,0.140625,0.22,-0.213095238,0.075,0.15,-0.037142857,0.241208909,7.352628173,-0.247218915,1.782225391,-2.247285585,-0.09,-0.29,0.22,0.23,-0.6,8.254048583
2,0.075625,0.315,-0.138095238,0.205,-0.065,-0.352142857,-2.582479947,9.972630019,2.212980063,0.790517951,-0.513084758,-0.09,-0.29,0.22,0.23,-0.6,9.121925236
2,0.0016,0.26,-0.194761905,0.3,1.07,-0.377142857,0.387984921,9.595740135,4.360055317,0.589972213,1.124181487,-0.09,-0.29,0.22,0.23,-0.6,5.659145033
2,0.1521,0.175,0.366666667,0.325,-0.565,-0.69,-2.169874606,6.999162792,4.303506194,0.293398743,0.208768343,-0.09,-0.29,0.22,0.23,-0.6,3.455445463
2,3.045025,0.953387097,1.154931531,0.1055,2.402215007,0.617331228,-0.498725641,-14.99118271,-5.949598741,-11.59071139,1.116370546,0.01,0.03,0,0.02,-10.96,12.63218476
2,0.093025,0.485,1.711814648,0.0975,1.071305916,-0.197525915,-0.499914634,-14.3406025,-8.518839409,-12.71551755,-1.035384573,0.01,0.03,0,0.02,-10.96,4.743010068
2,1.452025,-0.769,0.01,0.79,0.135,-0.73,-0.725702388,1.421682763,-1.844314572,4.34160297,-1.844314572,0,-0.2,0,-0.03,0.22,-6.390004532
2,2.0736,-0.29,0.515844156,-0.3,-0.159545455,0.042857143,-1.062104759,2.366048666,-1.210912879,2.370023347,0,0,-0.38,-0.01,-0.02,-4.15,3.735723684
2,1.0816,-0.28,0.380490109,-0.39,0.293636364,0.295846633,1.877935269,5.015282774,2.213370035,2.051353983,2.213370035,0,-0.38,-0.01,-0.02,-4.15,6.685755649
2,0.7921,-0.005,0.603165363,-0.41,-0.427272727,0.3816232,0.010604513,3.521005752,4.024986036,2.658643299,3.413986172,0,-0.38,-0.01,-0.02,-4.15,7.985828285
2,2.325625,-8.88E-16,0.48040695,-0.455,-0.246818182,0.222598287,1.290457048,1.528827838,5.01441696,2.144033124,4.605418435,0,-0.38,-0.01,-0.02,-4.15,9.547483852
2,5.3361,0.505,0.192092195,-0.785,0.007272727,0.336249513,0.732778118,-2.564947951,4.053305195,3.673882565,2.629069523,0.01,-0.52,0.01,0.36,0.23,9.390184116
2,1.0609,0.325,0.011030822,-0.305,0.384415584,0.306448034,0.722692616,-0.587555214,3.222276321,3.692727259,2.211145361,0.01,-0.52,0.01,0.36,0.23,8.706931012
2,0.0625,0.34,-0.14361867,-0.165,0.585454545,0.472286882,-1.223147415,-3.960768964,-0.003621763,2.038806604,0.6000018,0.01,-0.52,0.01,0.36,0.23,0.754891167
2,0.189225,0.085,-0.145862557,-0.205,0.418636364,0.7497645,0.013139821,-2.997205191,0,0.406504625,0,0.01,-0.52,0.01,0.36,0.23,-1.31244364
2,0.4489,0.188,-0.244233165,-0.17,0.245,0.566613468,0.52866353,-2.79045277,-5.431955916,-1.01215439,-0.59230183,0.01,-0.52,0.01,0.36,0.23,-3.116262017
2,0.0121,0.177,-0.175926431,-0.425,0.415,0.740258856,1.627047753,-1.921725339,-5.687573609,0.201816416,-1.082155174,0.01,-0.52,0.01,0.36,0.23,-2.117463615
2,3.6864,-0.04,0.596138575,0.265,-0.82,0.67591086,-0.801929529,-1.346990505,-6.124996116,-0.100050033,-0.887142339,0.01,-0.52,0.01,0.36,0.23,-3.189571608
2,0.245025,0.189,0.129400545,-0.035,0.18,0.582520436,-1.38328001,-1.08696823,-3.031420724,0.199800266,0.297177039,-0.04,1.26,-0.04,-0.57,-1.77,-4.747799509
2,1.5376,0.265,0.195714286,-0.335,0.635,0.383571429,-0.243002868,-2.354643483,-0.402731255,1.01215439,-0.995033085,-0.04,1.26,-0.04,-0.57,-1.77,7.204000052
2,1.5129,0.37,0.192857143,-0.085,-0.66,-0.060714286,-0.058759705,-2.679466176,-3.732546442,0.792868376,-3.533936645,0.73,-1.31,0.38,4.57,0.27,15.78631898
2,0.2916,0.531,0.089285714,0.115,-1.185,-0.243571429,-3.538582331,-2.939745994,-3.634677949,0.49431638,-3.235873831,0.73,-1.31,0.38,4.57,0.27,17.08558043
2,0.140625,0.22,-0.213095238,0.075,0.15,-0.037142857,0.241208909,7.352628173,-0.247218915,1.782225391,-2.247285585,0.73,-1.31,0.38,4.57,0.27,-3.328004292
2,9.00E-04,0.245,0.135238095,0.545,0.325,-0.682142857,0.387984921,9.228455472,2.602051441,0.393314175,-0.92832023,-0.76,0.15,-0.4,-4.92,-18.87,-16.28013857
2,0.9216,0.69,1.161035427,0.05375,1.453578644,0.220509799,-0.297912187,-14.88884837,-1.638624813,-8.681504833,6.212120318,0.03,-0.03,0.03,0.27,-0.42,66.7127942
2,0.018225,0.205,0.005635657,0.58,-0.417950938,-0.77867185,0.655429116,35.06551015,-17.89640176,1.072076975,-16.61268709,-0.13,0.44,0.01,0.22,-2.36,-58.93891899
2,0.4489,0.42275,-0.010550402,0.625,0.224343434,-0.515702948,0.572220396,37.66543497,-15.1196215,2.981735505,-16.15500607,-0.13,0.44,0.01,0.22,-2.36,-66.94381393
2,1.2996,-0.683,-0.198961039,0.905,0.688636364,-0.510714286,-0.55164517,-3.604472933,-0.509528521,5.978300716,-0.610999864,-0.04,0.11,0.02,0.37,-0.92,2.60282372
2,0.3481,-0.57,-0.048571429,0.15,-0.097142857,-0.178571429,-1.797623069,0.539932764,-3.352204797,1.898791224,-1.01113096,-0.08,0.31,-0.03,-0.26,1.07,-0.007013449
2,1.0816,-0.28,0.380490109,-0.39,0.293636364,0.295846633,1.877935269,5.015282774,2.213370035,2.051353983,2.213370035,-0.08,0.31,-0.03,-0.26,1.07,2.339362459
2,0.7921,-0.005,0.603165363,-0.41,-0.427272727,0.3816232,0.010604513,3.521005752,4.024986036,2.658643299,3.413986172,-0.08,0.31,-0.03,-0.26,1.07,2.454898276
2,5.040025,0.259,-0.543476238,-1.055,1.216818182,0.436946283,0.284446686,-0.570613796,7.082168349,3.562717764,5.237853777,-0.01,-0.1,0.05,0.83,-1.2,6.40139548
2,4.305625,0.376,-0.267270604,-1.16,0.847727273,0.715274426,0.128146936,-1.613862067,6.032452652,2.930982925,4.707929977,-0.01,-0.1,0.05,0.83,-1.2,5.255595014
2,0.0961,0.15,0.114285714,-0.17,-0.075,0.241428571,-0.353164975,1.14885507,1.098056345,0.706716722,0.49925216,0.02,0.04,0,0.15,1.4,3.593732545
2,0.140625,0.22,-0.213095238,0.075,0.15,-0.037142857,0.241208909,7.352628173,-0.247218915,1.782225391,-2.247285585,0.11,-0.21,-0.06,-0.9,1.92,-3.079242585
2,0.075625,0.315,-0.138095238,0.205,-0.065,-0.352142857,-2.582479947,9.972630019,2.212980063,0.790517951,-0.513084758,0.11,-0.21,-0.06,-0.9,1.92,-9.983571886
2,0.0016,0.26,-0.194761905,0.3,1.07,-0.377142857,0.387984921,9.595740135,4.360055317,0.589972213,1.124181487,0.11,-0.21,-0.06,-0.9,1.92,-13.49859135
2,9.00E-04,0.245,0.135238095,0.545,0.325,-0.682142857,0.387984921,9.228455472,2.602051441,0.393314175,-0.92832023,0.11,-0.21,-0.06,-0.9,1.92,-14.85778436
2,2.387025,-0.67,-0.302857143,0.775,0.805,-0.289285714,-0.963465784,0.176880277,-0.001665986,4.647087438,-0.408998525,0.03,-0.11,-0.02,-0.05,-2.59,9.608315789
2,1.452025,-0.769,0.01,0.79,0.135,-0.73,-0.725702388,1.421682763,-1.844314572,4.34160297,-1.844314572,0.03,-0.11,-0.02,-0.05,-2.59,10.18661177
2,2.0736,-0.79,-0.11974026,0.97,0.055909091,-0.901428571,0.341802422,1.137443824,-1.628628333,4.940573821,-1.324522675,0.03,-0.11,-0.02,-0.05,-2.59,10.56326542
2,1.334025,-0.5,0.499480519,-0.21,-0.256818182,-0.087142857,-1.012630862,2.824230299,-0.819164666,1.97614335,0.603623563,0.23,-0.16,0.12,0.42,-17.84,7.421681278
2,0.7921,-0.005,0.603165363,-0.41,-0.427272727,0.3816232,0.010604513,3.521005752,4.024986036,2.658643299,3.413986172,0.23,-0.16,0.12,0.42,-17.84,1.255245339
2,5.040025,0.259,-0.543476238,-1.055,1.216818182,0.436946283,0.284446686,-0.570613796,7.082168349,3.562717764,5.237853777,0.23,-0.16,0.12,0.42,-17.84,0.281459279
2,4.305625,0.376,-0.267270604,-1.16,0.847727273,0.715274426,0.128146936,-1.613862067,6.032452652,2.930982925,4.707929977,0.23,-0.16,0.12,0.42,-17.84,0.423231548
2,3.258025,0.478,-0.000966202,-1.03,0.357575758,0.662479564,-0.036677158,-1.334984259,4.450486124,3.355678353,3.328597763,0.23,-0.16,0.12,0.42,-17.84,-1.128504826
2,5.3361,0.505,0.192092195,-0.785,0.007272727,0.336249513,0.732778118,-2.564947951,4.053305195,3.673882565,2.629069523,0.23,-0.16,0.12,0.42,-17.84,-1.670644907
2,1.8225,0.406,0.147857143,0.095,-0.36,-0.140714286,2.973457295,-1.364772398,-3.004109236,0.795232819,-2.706932197,0.03,0.09,-0.01,-0.04,-10.41,7.733810333
3,0.245025,0.189,0.129400545,-0.035,0.18,0.582520436,-1.38328001,-1.08696823,-3.031420724,0.199800266,0.297177039,-0.02,0.19,0.02,0.14,-3.12,-1.780242677
3,0.015625,-0.006,0.01739782,-0.19,0.15,0.519918256,2.919023362,1.233157916,-0.605220381,2.204498092,0.398804118,-0.02,0.19,0.02,0.14,-3.12,3.96200464
3,3.900625,0.433,0.130714286,-0.175,1.65,0.243571429,0.72676941,-3.523237286,-0.312289732,0.40241503,-1.394444906,-0.02,0.19,0.02,0.14,-3.12,21.13610347
3,5.4756,0.545,0.302142857,-0.195,0.06,0.120714286,0.392174808,-2.922945565,-1.112924332,0.200000067,-2.000066671,-0.02,0.19,0.02,0.14,-3.12,22.7226666
3,1.5129,0.37,0.192857143,-0.085,-0.66,-0.060714286,-0.058759705,-2.679466176,-3.732546442,0.792868376,-3.533936645,0,0.23,0.08,0.44,-8.69,40.89885035
3,0.7225,0.295,-0.127857143,0.07,-2.05,0.085714286,-1.44345252,6.381858692,-1.557423363,2.479056058,-2.951868269,0,0.23,0.08,0.44,-8.69,18.85044224
3,0.469225,0.719942396,0.103243219,-0.0125,0.326305916,0.129616942,-0.504242285,-7.960009731,7.527480775,-1.645676196,12.5752813,-0.15,-4.37,-0.03,-2.14,0.21,22.22022425
3,3.045025,0.953387097,1.154931531,0.1055,2.402215007,0.617331228,-0.498725641,-14.99118271,-5.949598741,-11.59071139,1.116370546,-0.15,-4.37,-0.03,-2.14,0.21,21.86544116
3,0.0064,0.312619048,2.012463999,0.26,1.023578644,-0.488597344,-0.26679464,-11.53434202,-16.06744751,-12.91008606,-6.748069821,-0.15,-4.37,-0.03,-2.14,0.21,7.602503189
3,2.9584,0.685,1.801295167,0.285,-1.320512266,-1.542168772,-0.946231018,3.233369874,-28.52262366,-11.43772698,-17.26127427,-0.04,1.99,0.04,0.36,0.1,-12.29485601
3,4.305625,0.376,-0.267270604,-1.16,0.847727273,0.715274426,0.128146936,-1.613862067,6.032452652,2.930982925,4.707929977,0.59,-0.88,0.03,3.26,-1.91,33.67536773
3,1.0609,0.325,0.011030822,-0.305,0.384415584,0.306448034,0.722692616,-0.587555214,3.222276321,3.692727259,2.211145361,0.59,-0.88,0.03,3.26,-1.91,18.10060265
3,0.354025,0.375,-0.026099119,-0.18,0.50525974,0.281510315,1.264570314,-0.89289271,0.903065378,2.357874482,1.004024499,0.59,-0.88,0.03,3.26,-1.91,18.38200924
3,0.3249,0.35,-0.017308291,-0.475,0.275,0.689153367,-1.948862717,-2.718288252,-2.812174219,0.202839826,-0.598804184,0.59,-0.88,0.03,3.26,-1.91,165.9227467
3,0.01,0.238,-0.389529,-0.46,0.84,0.6283768,0.048009294,-2.720093331,-3.413986172,-0.810541418,0,0.59,-0.88,0.03,3.26,-1.91,163.5283976
3,0.0064,0.312619048,2.012463999,0.26,1.023578644,-0.488597344,-0.26679464,-11.53434202,-16.06744751,-12.91008606,-6.748069821,0.04,-0.05,0,-0.08,-0.82,18.66515404
3,2.9584,0.685,1.801295167,0.285,-1.320512266,-1.542168772,-0.946231018,3.233369874,-28.52262366,-11.43772698,-17.26127427,-0.11,0.11,-0.01,-0.1,-0.82,-4.247902639
3,1.5129,0.37,0.192857143,-0.085,-0.66,-0.060714286,-0.058759705,-2.679466176,-3.732546442,0.792868376,-3.533936645,-0.11,0.16,-0.02,-0.12,-0.38,20.90714959
3,0.1521,0.54,-0.02,0.065,-1.075,-0.205,-0.184218813,-5.693433678,-4.12679491,1.588911283,-3.530371671,-0.11,0.16,-0.02,-0.12,-0.38,22.35442703
3,0.497025,0.57,0.138809524,0,-0.5325,0.105714286,-1.786073565,-2.632675278,-6.164599904,2.777956411,-4.869115917,-0.11,0.16,-0.02,-0.12,-0.38,22.4018912
3,0.1444,0.455,-0.15547619,-0.095,-0.22,0.299285714,-0.295482541,1.370255131,-2.502664422,2.680061151,-4.094737851,-0.11,0.16,-0.02,-0.12,-0.38,21.87276062
3,0.2209,0.36,-0.041666667,0.01,-0.365,0.18,0.624703981,4.683532424,-3.609360765,2.780715412,-4.60439385,-0.11,0.16,-0.02,-0.12,-0.38,21.31002456
3,0.7225,0.295,-0.127857143,0.07,-2.05,0.085714286,-1.44345252,6.381858692,-1.557423363,2.479056058,-2.951868269,-0.09,0.06,-0.03,-0.12,0.17,17.01610192
3,0.3844,0.257,0.005,0.14,-0.56,-0.23,-0.764956337,9.921170377,0.966214589,1.482973297,-1.525194792,-0.09,0.06,-0.03,-0.12,0.17,3.291839079
3,0.0784,0.22,-0.103333333,0.125,0.135,-0.235,-1.784107886,8.751549863,1.273949641,0.788958728,-1.432982555,-0.09,0.06,-0.03,-0.12,0.17,-6.762440957
3,1.050625,1.358190476,-0.55374238,-0.13875,-2.244458874,-0.722027454,-0.434188182,-0.350212356,5.395423733,1.960847139,9.823843958,0.79,0.13,0,1.42,0.07,14.80735052
3,1.600225,0.117666667,-0.235300822,0.21375,0.77508658,0.234043975,0.199608242,-5.47843364,5.164759463,0.328048408,11.2613494,0.79,0.13,0,1.42,0.07,17.33997491
3,0.35700625,0.7915,0.873697765,0.16025,0.797896825,-0.093133058,0.138536543,-12.71750477,3.552226143,-5.805201191,9.53101798,-0.22,-0.01,0,-0.65,0.02,16.37657317
3,0.9216,0.69,1.161035427,0.05375,1.453578644,0.220509799,-0.297912187,-14.88884837,-1.638624813,-8.681504833,6.212120318,-0.22,-0.01,0,-0.65,0.02,16.74138925
3,0.0169,0.022142857,2.052826221,0.435,1.116161616,-0.634274376,-1.018014263,-10.57772528,-20.1095825,-12.38694817,-10.28573854,-0.22,-0.01,0,-0.65,0.02,0.22180159
3,2.9584,0.685,1.801295167,0.285,-1.320512266,-1.542168772,-0.946231018,3.233369874,-28.52262366,-11.43772698,-17.26127427,-0.22,-0.01,0,-0.65,0.02,-7.154467174
3,0.7921,0.32,-0.532987013,0.845,-0.460454545,-0.873571429,-0.775085734,-12.07079257,3.197075488,5.106547801,0,-0.64,0.03,-0.01,-1.45,-0.12,1.177880407
3,0.2209,0.36,-0.041666667,0.01,-0.365,0.18,0.624703981,4.683532424,-3.609360765,2.780715412,-4.60439385,-0.03,0.06,0.06,1.47,0.01,14.30418892
3,2.325625,-8.88E-16,0.48040695,-0.455,-0.246818182,0.222598287,1.290457048,1.528827838,5.01441696,2.144033124,4.605418435,-0.29,-0.08,0.01,-0.08,-0.16,-0.911234799
3,0.0121,0.177,-0.175926431,-0.425,0.415,0.740258856,1.627047753,-1.921725339,-5.687573609,0.201816416,-1.082155174,0.08,0.01,0,0.09,-0.21,3.380758531
3,0.3844,0.2,-0.053812768,-0.28,0.51,0.280949786,1.90196409,2.018001746,1.295483987,0.808085205,1.295483987,0.28,0.2,0,0,0.12,10.0489577
3,0.0961,0.15,0.114285714,-0.17,-0.075,0.241428571,-0.353164975,1.14885507,1.098056345,0.706716722,0.49925216,0.28,0.2,0,0,0.12,8.972092836
3,0.03705625,0.592833333,-0.210485467,0.34,-0.505429293,-0.503560091,0.435064471,-4.49903167,6.12930644,1.413835405,10.54524232,0.03,0.03,0.02,0.11,0.09,12.18886881
3,0.01,0.238,-0.389529,-0.46,0.84,0.6283768,0.048009294,-2.720093331,-3.413986172,-0.810541418,0,-0.36,-0.06,-0.1,-1.94,0.01,-0.005767117
3,0.245025,0.189,0.129400545,-0.035,0.18,0.582520436,-1.38328001,-1.08696823,-3.031420724,0.199800266,0.297177039,-0.19,-0.08,-0.05,-0.21,0.02,-0.850740994
3,0.015625,-0.006,0.01739782,-0.19,0.15,0.519918256,2.919023362,1.233157916,-0.605220381,2.204498092,0.398804118,-0.19,-0.08,-0.05,-0.21,0.02,1.015839589
3,0.3844,0.2,-0.053812768,-0.28,0.51,0.280949786,1.90196409,2.018001746,1.295483987,0.808085205,1.295483987,-0.19,-0.08,-0.05,-0.21,0.02,3.85487303
3,0.416025,0.242,0.212142857,-0.19,-0.255,0.215714286,0.272266248,-0.358693252,-1.592073429,1.112808651,-1.592073429,-0.19,-0.08,-0.05,-0.21,0.02,5.434736956
3,0.1521,0.54,-0.02,0.065,-1.075,-0.205,-0.184218813,-5.693433678,-4.12679491,1.588911283,-3.530371671,1.29,-0.13,0.12,1.2,-0.18,14.08079018
3,1.5376,0.265,0.195714286,-0.335,0.635,0.383571429,-0.243002868,-2.354643483,-0.402731255,1.01215439,-0.995033085,0.41,-1.25,0.26,0.58,-47.43,0.901958014
3,1.8225,0.406,0.147857143,0.095,-0.36,-0.140714286,2.973457295,-1.364772398,-3.004109236,0.795232819,-2.706932197,0.41,-1.25,0.26,0.58,-47.43,2.422842417
3,0.2916,0.531,0.089285714,0.115,-1.185,-0.243571429,-3.538582331,-2.939745994,-3.634677949,0.49431638,-3.235873831,0.41,-1.25,0.26,0.58,-47.43,0.932224759
3,0.140625,0.22,-0.213095238,0.075,0.15,-0.037142857,0.241208909,7.352628173,-0.247218915,1.782225391,-2.247285585,-0.16,0.14,0.05,0.12,-13.57,-4.989241712
3,0.616225,0.335,-0.270714286,0.47,0.095,-0.528571429,-2.066267007,11.85619063,3.63665879,0.197238723,0.102722146,-0.16,0.14,0.05,0.12,-13.57,-4.832792137
3,9.00E-04,0.245,0.135238095,0.545,0.325,-0.682142857,0.387984921,9.228455472,2.602051441,0.393314175,-0.92832023,-0.16,0.14,0.05,0.12,-13.57,-6.449950156
3,0.172225,0.771612903,0.544124923,0.125,0.330707071,-0.161417234,-0.620797547,-13.00180443,8.88607959,-3.761505395,13.45563913,0.16,-0.08,0.01,0.39,-0.21,15.01706567
3,1.2996,-0.683,-0.198961039,0.905,0.688636364,-0.510714286,-0.55164517,-3.604472933,-0.509528521,5.978300716,-0.610999864,-4.55,-0.42,0,-0.04,-0.27,-3.536266206
3,3.6864,-0.04,0.596138575,0.265,-0.82,0.67591086,-0.801929529,-1.346990505,-6.124996116,-0.100050033,-0.887142339,0.14,-0.01,0,-0.24,0,-1.227106591
3,0.133225,0.067,0.058080965,-0.125,0.345,0.619464772,-0.196493724,-0.429460257,-2.429667662,0.400000533,0.199401861,0.14,-0.01,0,-0.24,0,-1.783879781
3,0.030625,0.02,-0.040537174,-0.28,0.47,0.555570261,2.14660762,4.460549513,-0.003578561,0.804024432,0.596423239,0.14,-0.01,0,-0.24,0,1.797815982
3,0.3844,0.2,-0.053812768,-0.28,0.51,0.280949786,1.90196409,2.018001746,1.295483987,0.808085205,1.295483987,0.14,-0.01,0,-0.24,0,3.491538472
3,0.0064,0.312619048,2.012463999,0.26,1.023578644,-0.488597344,-0.26679464,-11.53434202,-16.06744751,-12.91008606,-6.748069821,0.18,-0.02,-0.02,-0.24,-0.51,9.400747683
3,3.1684,0.395,0.143571429,0.115,0.11,-0.072142857,-1.162416667,-4.388108544,-1.902595118,0.199401861,-2.491409381,-0.1,0.04,-0.01,-0.27,-4.03,11.5898629
3,1.8225,0.406,0.147857143,0.095,-0.36,-0.140714286,2.973457295,-1.364772398,-3.004109236,0.795232819,-2.706932197,-0.1,0.04,-0.01,-0.27,-4.03,9.953752819
3,0.1444,0.455,-0.15547619,-0.095,-0.22,0.299285714,-0.295482541,1.370255131,-2.502664422,2.680061151,-4.094737851,-0.23,-0.06,-0.06,-0.57,3.76,-0.389087086
3,0.015625,-0.006,0.01739782,-0.19,0.15,0.519918256,2.919023362,1.233157916,-0.605220381,2.204498092,0.398804118,0.22,-0.04,-0.06,-1.29,-0.02,-0.474572117
3,0.7225,0.295,-0.127857143,0.07,-2.05,0.085714286,-1.44345252,6.381858692,-1.557423363,2.479056058,-2.951868269,0.2,0.01,0.01,0.98,0.16,1.108533159
3,0.35700625,0.7915,0.873697765,0.16025,0.797896825,-0.093133058,0.138536543,-12.71750477,3.552226143,-5.805201191,9.53101798,-0.25,0.17,-0.04,0.03,-1.48,16.37316549
3,1.5376,1.008387097,1.626592455,-0.029,2.144343434,0.464011338,-0.623217427,-15.85485977,-7.723269632,-10.6677014,1.283714676,-0.25,0.17,-0.04,0.03,-1.48,4.642611164
3,0.0064,0.312619048,2.012463999,0.26,1.023578644,-0.488597344,-0.26679464,-11.53434202,-16.06744751,-12.91008606,-6.748069821,0.02,0.08,0.03,-0.22,-0.16,1.685911743
3,0.133225,0.067,0.058080965,-0.125,0.345,0.619464772,-0.196493724,-0.429460257,-2.429667662,0.400000533,0.199401861,-0.07,0.11,0.09,0.46,-1.44,-2.413751492
3,0.001225,0.06,-0.0389529,-0.295,0.51,0.68783768,0.015230639,-0.323588535,-2.012535564,1.201215645,0.198609797,-0.07,0.11,0.09,0.46,-1.44,-2.087088986
3,0.0961,0.15,0.114285714,-0.17,-0.075,0.241428571,-0.353164975,1.14885507,1.098056345,0.706716722,0.49925216,0.12,-0.22,0.04,0.08,-1.5,5.528687526
3,0.416025,0.242,0.212142857,-0.19,-0.255,0.215714286,0.272266248,-0.358693252,-1.592073429,1.112808651,-1.592073429,0.12,-0.22,0.04,0.08,-1.5,2.888205413
3,0.001225,0.06,-0.0389529,-0.295,0.51,0.68783768,0.015230639,-0.323588535,-2.012535564,1.201215645,0.198609797,0.01,0.16,0,0.04,-7.59,-4.076136904
3,0.015625,-0.006,0.01739782,-0.19,0.15,0.519918256,2.919023362,1.233157916,-0.605220381,2.204498092,0.398804118,0.01,0.16,0,0.04,-7.59,-0.357213883
3,1.600225,0.117666667,-0.235300822,0.21375,0.77508658,0.234043975,0.199608242,-5.47843364,5.164759463,0.328048408,11.2613494,0.21,-0.07,-0.1,-0.03,-0.36,25.53510401
3,0.469225,0.719942396,0.103243219,-0.0125,0.326305916,0.129616942,-0.504242285,-7.960009731,7.527480775,-1.645676196,12.5752813,0.21,-0.07,-0.1,-0.03,-0.36,23.44822241
3,1.5376,1.008387097,1.626592455,-0.029,2.144343434,0.464011338,-0.623217427,-15.85485977,-7.723269632,-10.6677014,1.283714676,0.13,0.04,-0.09,-0.13,0.24,18.57626083
3,0.01,0.238,-0.389529,-0.46,0.84,0.6283768,0.048009294,-2.720093331,-3.413986172,-0.810541418,0,-0.05,0.22,-0.03,-0.05,-0.16,-5.353606074
3,0.342225,0.725714286,-0.643297995,0.00125,-1.780533911,-0.61210196,0.206625457,-0.887378526,6.009382847,3.157584046,9.31937769,-0.03,1.2,-0.01,-0.07,16.04,15.30679389
3,0.0064,0.312619048,2.012463999,0.26,1.023578644,-0.488597344,-0.26679464,-11.53434202,-16.06744751,-12.91008606,-6.748069821,0.01,0.03,0,0.02,-10.96,-0.762304818
3,0.0361,0.24,0.840618429,0.405,-0.181565657,-0.787131519,-1.636474252,22.40900013,-35.76999426,-7.004028729,-22.31435513,0.01,0.03,0,0.02,-10.96,-15.82426195
3,0.469225,0.719942396,0.103243219,-0.0125,0.326305916,0.129616942,-0.504242285,-7.960009731,7.527480775,-1.645676196,12.5752813,0.03,-0.03,0.03,0.27,-0.42,48.76576356
3,0.35700625,0.7915,0.873697765,0.16025,0.797896825,-0.093133058,0.138536543,-12.71750477,3.552226143,-5.805201191,9.53101798,0.03,-0.03,0.03,0.27,-0.42,61.17831659
3,0.093025,0.485,1.711814648,0.0975,1.071305916,-0.197525915,-0.499914634,-14.3406025,-8.518839409,-12.71551755,-1.035384573,0.03,-0.03,0.03,0.27,-0.42,63.95978471
3,0.1764,0.515,1.787843449,0.155,1.264776335,-0.190814707,-0.689043673,-11.59353683,-11.51070211,-12.54490002,-2.770740015,0.03,-0.03,0.03,0.27,-0.42,61.61698085
3,0.0169,0.022142857,2.052826221,0.435,1.116161616,-0.634274376,-1.018014263,-10.57772528,-20.1095825,-12.38694817,-10.28573854,0.03,-0.03,0.03,0.27,-0.42,47.49564187
3,0.0361,0.24,0.840618429,0.405,-0.181565657,-0.787131519,-1.636474252,22.40900013,-35.76999426,-7.004028729,-22.31435513,-0.13,0.44,0.01,0.22,-2.36,-15.00443972
